"","station","depth","microbe","rel_abun","parameter","values"
"1","A",100,"Heterotrophic Bacteria",0.603057764001037,"Pressure",100.161232167386
"2","A",100,"Heterotrophic Bacteria",0.603057764001037,"PAR",1e-12
"3","A",100,"Heterotrophic Bacteria",0.603057764001037,"Temperature (°C)",24.1500024529042
"4","A",100,"Heterotrophic Bacteria",0.603057764001037,"Oxygen (umol/kg)",205.107941118034
"5","A",100,"Heterotrophic Bacteria",0.603057764001037,"Oxygen (% saturation)",97.8067810292386
"6","A",100,"Heterotrophic Bacteria",0.603057764001037,"Fluorescence",2.37480609791994
"7","A",100,"Pico Eukaryote",0.00571208726476624,"Pressure",100.161232167386
"8","A",100,"Pico Eukaryote",0.00571208726476624,"PAR",1e-12
"9","A",100,"Pico Eukaryote",0.00571208726476624,"Temperature (°C)",24.1500024529042
"10","A",100,"Pico Eukaryote",0.00571208726476624,"Oxygen (umol/kg)",205.107941118034
"11","A",100,"Pico Eukaryote",0.00571208726476624,"Oxygen (% saturation)",97.8067810292386
"12","A",100,"Pico Eukaryote",0.00571208726476624,"Fluorescence",2.37480609791994
"13","A",100,"Synechococcus",0.00194081539792258,"Pressure",100.161232167386
"14","A",100,"Synechococcus",0.00194081539792258,"PAR",1e-12
"15","A",100,"Synechococcus",0.00194081539792258,"Temperature (°C)",24.1500024529042
"16","A",100,"Synechococcus",0.00194081539792258,"Oxygen (umol/kg)",205.107941118034
"17","A",100,"Synechococcus",0.00194081539792258,"Oxygen (% saturation)",97.8067810292386
"18","A",100,"Synechococcus",0.00194081539792258,"Fluorescence",2.37480609791994
"19","A",100,"Prochlorococcus",0.156308132344192,"Pressure",100.161232167386
"20","A",100,"Prochlorococcus",0.156308132344192,"PAR",1e-12
"21","A",100,"Prochlorococcus",0.156308132344192,"Temperature (°C)",24.1500024529042
"22","A",100,"Prochlorococcus",0.156308132344192,"Oxygen (umol/kg)",205.107941118034
"23","A",100,"Prochlorococcus",0.156308132344192,"Oxygen (% saturation)",97.8067810292386
"24","A",100,"Prochlorococcus",0.156308132344192,"Fluorescence",2.37480609791994
"25","A",107,"Heterotrophic Bacteria",0.605568707022884,"Pressure",107.192141055718
"26","A",107,"Heterotrophic Bacteria",0.605568707022884,"PAR",1e-12
"27","A",107,"Heterotrophic Bacteria",0.605568707022884,"Temperature (°C)",23.19844521261
"28","A",107,"Heterotrophic Bacteria",0.605568707022884,"Oxygen (umol/kg)",202.323848680352
"29","A",107,"Heterotrophic Bacteria",0.605568707022884,"Oxygen (% saturation)",94.9472501466276
"30","A",107,"Heterotrophic Bacteria",0.605568707022884,"Fluorescence",2.04129375366569
"31","A",107,"Pico Eukaryote",0.00924360275053545,"Pressure",107.192141055718
"32","A",107,"Pico Eukaryote",0.00924360275053545,"PAR",1e-12
"33","A",107,"Pico Eukaryote",0.00924360275053545,"Temperature (°C)",23.19844521261
"34","A",107,"Pico Eukaryote",0.00924360275053545,"Oxygen (umol/kg)",202.323848680352
"35","A",107,"Pico Eukaryote",0.00924360275053545,"Oxygen (% saturation)",94.9472501466276
"36","A",107,"Pico Eukaryote",0.00924360275053545,"Fluorescence",2.04129375366569
"37","A",107,"Synechococcus",0.00311877653778228,"Pressure",107.192141055718
"38","A",107,"Synechococcus",0.00311877653778228,"PAR",1e-12
"39","A",107,"Synechococcus",0.00311877653778228,"Temperature (°C)",23.19844521261
"40","A",107,"Synechococcus",0.00311877653778228,"Oxygen (umol/kg)",202.323848680352
"41","A",107,"Synechococcus",0.00311877653778228,"Oxygen (% saturation)",94.9472501466276
"42","A",107,"Synechococcus",0.00311877653778228,"Fluorescence",2.04129375366569
"43","A",107,"Prochlorococcus",0.141397061586443,"Pressure",107.192141055718
"44","A",107,"Prochlorococcus",0.141397061586443,"PAR",1e-12
"45","A",107,"Prochlorococcus",0.141397061586443,"Temperature (°C)",23.19844521261
"46","A",107,"Prochlorococcus",0.141397061586443,"Oxygen (umol/kg)",202.323848680352
"47","A",107,"Prochlorococcus",0.141397061586443,"Oxygen (% saturation)",94.9472501466276
"48","A",107,"Prochlorococcus",0.141397061586443,"Fluorescence",2.04129375366569
"49","A",125,"Heterotrophic Bacteria",0.402626470760545,"Pressure",125.213552793865
"50","A",125,"Heterotrophic Bacteria",0.402626470760545,"PAR",1e-12
"51","A",125,"Heterotrophic Bacteria",0.402626470760545,"Temperature (°C)",21.6288353389103
"52","A",125,"Heterotrophic Bacteria",0.402626470760545,"Oxygen (umol/kg)",193.522125442407
"53","A",125,"Heterotrophic Bacteria",0.402626470760545,"Oxygen (% saturation)",88.3573701335264
"54","A",125,"Heterotrophic Bacteria",0.402626470760545,"Fluorescence",1.31856225868726
"55","A",125,"Pico Eukaryote",0.00245355203230793,"Pressure",125.213552793865
"56","A",125,"Pico Eukaryote",0.00245355203230793,"PAR",1e-12
"57","A",125,"Pico Eukaryote",0.00245355203230793,"Temperature (°C)",21.6288353389103
"58","A",125,"Pico Eukaryote",0.00245355203230793,"Oxygen (umol/kg)",193.522125442407
"59","A",125,"Pico Eukaryote",0.00245355203230793,"Oxygen (% saturation)",88.3573701335264
"60","A",125,"Pico Eukaryote",0.00245355203230793,"Fluorescence",1.31856225868726
"61","A",125,"Synechococcus",0.000272358042982584,"Pressure",125.213552793865
"62","A",125,"Synechococcus",0.000272358042982584,"PAR",1e-12
"63","A",125,"Synechococcus",0.000272358042982584,"Temperature (°C)",21.6288353389103
"64","A",125,"Synechococcus",0.000272358042982584,"Oxygen (umol/kg)",193.522125442407
"65","A",125,"Synechococcus",0.000272358042982584,"Oxygen (% saturation)",88.3573701335264
"66","A",125,"Synechococcus",0.000272358042982584,"Fluorescence",1.31856225868726
"67","A",125,"Prochlorococcus",0.0415193168077709,"Pressure",125.213552793865
"68","A",125,"Prochlorococcus",0.0415193168077709,"PAR",1e-12
"69","A",125,"Prochlorococcus",0.0415193168077709,"Temperature (°C)",21.6288353389103
"70","A",125,"Prochlorococcus",0.0415193168077709,"Oxygen (umol/kg)",193.522125442407
"71","A",125,"Prochlorococcus",0.0415193168077709,"Oxygen (% saturation)",88.3573701335264
"72","A",125,"Prochlorococcus",0.0415193168077709,"Fluorescence",1.31856225868726
"73","A",150,"Heterotrophic Bacteria",0.511819619941856,"Pressure",150.194483540315
"74","A",150,"Heterotrophic Bacteria",0.511819619941856,"PAR",7.20073741038572e-07
"75","A",150,"Heterotrophic Bacteria",0.511819619941856,"Temperature (°C)",20.0385901656792
"76","A",150,"Heterotrophic Bacteria",0.511819619941856,"Oxygen (umol/kg)",185.537163909355
"77","A",150,"Heterotrophic Bacteria",0.511819619941856,"Oxygen (% saturation)",82.2978245305823
"78","A",150,"Heterotrophic Bacteria",0.511819619941856,"Fluorescence",0.714553330199873
"79","A",150,"Pico Eukaryote",0.00171859153850985,"Pressure",150.194483540315
"80","A",150,"Pico Eukaryote",0.00171859153850985,"PAR",7.20073741038572e-07
"81","A",150,"Pico Eukaryote",0.00171859153850985,"Temperature (°C)",20.0385901656792
"82","A",150,"Pico Eukaryote",0.00171859153850985,"Oxygen (umol/kg)",185.537163909355
"83","A",150,"Pico Eukaryote",0.00171859153850985,"Oxygen (% saturation)",82.2978245305823
"84","A",150,"Pico Eukaryote",0.00171859153850985,"Fluorescence",0.714553330199873
"85","A",150,"Synechococcus",0.000510954656558325,"Pressure",150.194483540315
"86","A",150,"Synechococcus",0.000510954656558325,"PAR",7.20073741038572e-07
"87","A",150,"Synechococcus",0.000510954656558325,"Temperature (°C)",20.0385901656792
"88","A",150,"Synechococcus",0.000510954656558325,"Oxygen (umol/kg)",185.537163909355
"89","A",150,"Synechococcus",0.000510954656558325,"Oxygen (% saturation)",82.2978245305823
"90","A",150,"Synechococcus",0.000510954656558325,"Fluorescence",0.714553330199873
"91","A",150,"Prochlorococcus",0.0235737428334274,"Pressure",150.194483540315
"92","A",150,"Prochlorococcus",0.0235737428334274,"PAR",7.20073741038572e-07
"93","A",150,"Prochlorococcus",0.0235737428334274,"Temperature (°C)",20.0385901656792
"94","A",150,"Prochlorococcus",0.0235737428334274,"Oxygen (umol/kg)",185.537163909355
"95","A",150,"Prochlorococcus",0.0235737428334274,"Oxygen (% saturation)",82.2978245305823
"96","A",150,"Prochlorococcus",0.0235737428334274,"Fluorescence",0.714553330199873
"97","A",175,"Heterotrophic Bacteria",0.538629907554315,"Pressure",175.280598952186
"98","A",175,"Heterotrophic Bacteria",0.538629907554315,"PAR",9.4682636120138e-06
"99","A",175,"Heterotrophic Bacteria",0.538629907554315,"Temperature (°C)",17.8037625298345
"100","A",175,"Heterotrophic Bacteria",0.538629907554315,"Oxygen (umol/kg)",179.464842041073
"101","A",175,"Heterotrophic Bacteria",0.538629907554315,"Oxygen (% saturation)",76.2824251285178
"102","A",175,"Heterotrophic Bacteria",0.538629907554315,"Fluorescence",0.439200997455871
"103","A",175,"Pico Eukaryote",0.00077405695176138,"Pressure",175.280598952186
"104","A",175,"Pico Eukaryote",0.00077405695176138,"PAR",9.4682636120138e-06
"105","A",175,"Pico Eukaryote",0.00077405695176138,"Temperature (°C)",17.8037625298345
"106","A",175,"Pico Eukaryote",0.00077405695176138,"Oxygen (umol/kg)",179.464842041073
"107","A",175,"Pico Eukaryote",0.00077405695176138,"Oxygen (% saturation)",76.2824251285178
"108","A",175,"Pico Eukaryote",0.00077405695176138,"Fluorescence",0.439200997455871
"109","A",175,"Synechococcus",0.000269492388370442,"Pressure",175.280598952186
"110","A",175,"Synechococcus",0.000269492388370442,"PAR",9.4682636120138e-06
"111","A",175,"Synechococcus",0.000269492388370442,"Temperature (°C)",17.8037625298345
"112","A",175,"Synechococcus",0.000269492388370442,"Oxygen (umol/kg)",179.464842041073
"113","A",175,"Synechococcus",0.000269492388370442,"Oxygen (% saturation)",76.2824251285178
"114","A",175,"Synechococcus",0.000269492388370442,"Fluorescence",0.439200997455871
"115","A",175,"Prochlorococcus",0.00719515523813976,"Pressure",175.280598952186
"116","A",175,"Prochlorococcus",0.00719515523813976,"PAR",9.4682636120138e-06
"117","A",175,"Prochlorococcus",0.00719515523813976,"Temperature (°C)",17.8037625298345
"118","A",175,"Prochlorococcus",0.00719515523813976,"Oxygen (umol/kg)",179.464842041073
"119","A",175,"Prochlorococcus",0.00719515523813976,"Oxygen (% saturation)",76.2824251285178
"120","A",175,"Prochlorococcus",0.00719515523813976,"Fluorescence",0.439200997455871
"121","A",200,"Heterotrophic Bacteria",0.46884180693326,"Pressure",200.136045310854
"122","A",200,"Heterotrophic Bacteria",0.46884180693326,"PAR",1.26474020410959e-05
"123","A",200,"Heterotrophic Bacteria",0.46884180693326,"Temperature (°C)",15.9184255532139
"124","A",200,"Heterotrophic Bacteria",0.46884180693326,"Oxygen (umol/kg)",179.876740252898
"125","A",200,"Heterotrophic Bacteria",0.46884180693326,"Oxygen (% saturation)",73.6624520547945
"126","A",200,"Heterotrophic Bacteria",0.46884180693326,"Fluorescence",0.381582233930453
"127","A",200,"Pico Eukaryote",0.000276500881346559,"Pressure",200.136045310854
"128","A",200,"Pico Eukaryote",0.000276500881346559,"PAR",1.26474020410959e-05
"129","A",200,"Pico Eukaryote",0.000276500881346559,"Temperature (°C)",15.9184255532139
"130","A",200,"Pico Eukaryote",0.000276500881346559,"Oxygen (umol/kg)",179.876740252898
"131","A",200,"Pico Eukaryote",0.000276500881346559,"Oxygen (% saturation)",73.6624520547945
"132","A",200,"Pico Eukaryote",0.000276500881346559,"Fluorescence",0.381582233930453
"133","A",200,"Synechococcus",0.00107144091521791,"Pressure",200.136045310854
"134","A",200,"Synechococcus",0.00107144091521791,"PAR",1.26474020410959e-05
"135","A",200,"Synechococcus",0.00107144091521791,"Temperature (°C)",15.9184255532139
"136","A",200,"Synechococcus",0.00107144091521791,"Oxygen (umol/kg)",179.876740252898
"137","A",200,"Synechococcus",0.00107144091521791,"Oxygen (% saturation)",73.6624520547945
"138","A",200,"Synechococcus",0.00107144091521791,"Fluorescence",0.381582233930453
"139","A",200,"Prochlorococcus",0.00331801057615871,"Pressure",200.136045310854
"140","A",200,"Prochlorococcus",0.00331801057615871,"PAR",1.26474020410959e-05
"141","A",200,"Prochlorococcus",0.00331801057615871,"Temperature (°C)",15.9184255532139
"142","A",200,"Prochlorococcus",0.00331801057615871,"Oxygen (umol/kg)",179.876740252898
"143","A",200,"Prochlorococcus",0.00331801057615871,"Oxygen (% saturation)",73.6624520547945
"144","A",200,"Prochlorococcus",0.00331801057615871,"Fluorescence",0.381582233930453
"145","A",25,"Heterotrophic Bacteria",0.547763025194438,"Pressure",25.201846525477
"146","A",25,"Heterotrophic Bacteria",0.547763025194438,"PAR",2.45648889799398e-07
"147","A",25,"Heterotrophic Bacteria",0.547763025194438,"Temperature (°C)",26.8269752960788
"148","A",25,"Heterotrophic Bacteria",0.547763025194438,"Oxygen (umol/kg)",198.785995267352
"149","A",25,"Heterotrophic Bacteria",0.547763025194438,"Oxygen (% saturation)",99.0562070434053
"150","A",25,"Heterotrophic Bacteria",0.547763025194438,"Fluorescence",0.661560702914657
"151","A",25,"Pico Eukaryote",0.0021314575232272,"Pressure",25.201846525477
"152","A",25,"Pico Eukaryote",0.0021314575232272,"PAR",2.45648889799398e-07
"153","A",25,"Pico Eukaryote",0.0021314575232272,"Temperature (°C)",26.8269752960788
"154","A",25,"Pico Eukaryote",0.0021314575232272,"Oxygen (umol/kg)",198.785995267352
"155","A",25,"Pico Eukaryote",0.0021314575232272,"Oxygen (% saturation)",99.0562070434053
"156","A",25,"Pico Eukaryote",0.0021314575232272,"Fluorescence",0.661560702914657
"157","A",25,"Synechococcus",0.00281650408836821,"Pressure",25.201846525477
"158","A",25,"Synechococcus",0.00281650408836821,"PAR",2.45648889799398e-07
"159","A",25,"Synechococcus",0.00281650408836821,"Temperature (°C)",26.8269752960788
"160","A",25,"Synechococcus",0.00281650408836821,"Oxygen (umol/kg)",198.785995267352
"161","A",25,"Synechococcus",0.00281650408836821,"Oxygen (% saturation)",99.0562070434053
"162","A",25,"Synechococcus",0.00281650408836821,"Fluorescence",0.661560702914657
"163","A",25,"Prochlorococcus",0.180177637469628,"Pressure",25.201846525477
"164","A",25,"Prochlorococcus",0.180177637469628,"PAR",2.45648889799398e-07
"165","A",25,"Prochlorococcus",0.180177637469628,"Temperature (°C)",26.8269752960788
"166","A",25,"Prochlorococcus",0.180177637469628,"Oxygen (umol/kg)",198.785995267352
"167","A",25,"Prochlorococcus",0.180177637469628,"Oxygen (% saturation)",99.0562070434053
"168","A",25,"Prochlorococcus",0.180177637469628,"Fluorescence",0.661560702914657
"169","A",250,"Heterotrophic Bacteria",0.712197686645636,NA,NA
"170","A",250,"Pico Eukaryote",0.000578338590956888,NA,NA
"171","A",250,"Synechococcus",0.00404837013669821,NA,NA
"172","A",250,"Prochlorococcus",0.0056782334384858,NA,NA
"173","A",45,"Heterotrophic Bacteria",0.328978092797802,"Pressure",45.1369370747041
"174","A",45,"Heterotrophic Bacteria",0.328978092797802,"PAR",4.19994501362179e-07
"175","A",45,"Heterotrophic Bacteria",0.328978092797802,"Temperature (°C)",26.8237319372534
"176","A",45,"Heterotrophic Bacteria",0.328978092797802,"Oxygen (umol/kg)",198.748107732372
"177","A",45,"Heterotrophic Bacteria",0.328978092797802,"Oxygen (% saturation)",99.031320016642
"178","A",45,"Heterotrophic Bacteria",0.328978092797802,"Fluorescence",0.656540336415187
"179","A",45,"Pico Eukaryote",0.0016614701022661,"Pressure",45.1369370747041
"180","A",45,"Pico Eukaryote",0.0016614701022661,"PAR",4.19994501362179e-07
"181","A",45,"Pico Eukaryote",0.0016614701022661,"Temperature (°C)",26.8237319372534
"182","A",45,"Pico Eukaryote",0.0016614701022661,"Oxygen (umol/kg)",198.748107732372
"183","A",45,"Pico Eukaryote",0.0016614701022661,"Oxygen (% saturation)",99.031320016642
"184","A",45,"Pico Eukaryote",0.0016614701022661,"Fluorescence",0.656540336415187
"185","A",45,"Synechococcus",0.0026528079613578,"Pressure",45.1369370747041
"186","A",45,"Synechococcus",0.0026528079613578,"PAR",4.19994501362179e-07
"187","A",45,"Synechococcus",0.0026528079613578,"Temperature (°C)",26.8237319372534
"188","A",45,"Synechococcus",0.0026528079613578,"Oxygen (umol/kg)",198.748107732372
"189","A",45,"Synechococcus",0.0026528079613578,"Oxygen (% saturation)",99.031320016642
"190","A",45,"Synechococcus",0.0026528079613578,"Fluorescence",0.656540336415187
"191","A",45,"Prochlorococcus",0.122068959523182,"Pressure",45.1369370747041
"192","A",45,"Prochlorococcus",0.122068959523182,"PAR",4.19994501362179e-07
"193","A",45,"Prochlorococcus",0.122068959523182,"Temperature (°C)",26.8237319372534
"194","A",45,"Prochlorococcus",0.122068959523182,"Oxygen (umol/kg)",198.748107732372
"195","A",45,"Prochlorococcus",0.122068959523182,"Oxygen (% saturation)",99.031320016642
"196","A",45,"Prochlorococcus",0.122068959523182,"Fluorescence",0.656540336415187
"197","A",5,"Heterotrophic Bacteria",0.565943297833253,"Pressure",5.11350266710413
"198","A",5,"Heterotrophic Bacteria",0.565943297833253,"PAR",2.50192154086396
"199","A",5,"Heterotrophic Bacteria",0.565943297833253,"Temperature (°C)",26.8238953791002
"200","A",5,"Heterotrophic Bacteria",0.565943297833253,"Oxygen (umol/kg)",198.052923089899
"201","A",5,"Heterotrophic Bacteria",0.565943297833253,"Oxygen (% saturation)",98.6831140813812
"202","A",5,"Heterotrophic Bacteria",0.565943297833253,"Fluorescence",0.667368639230058
"203","A",5,"Pico Eukaryote",0.00225812591609694,"Pressure",5.11350266710413
"204","A",5,"Pico Eukaryote",0.00225812591609694,"PAR",2.50192154086396
"205","A",5,"Pico Eukaryote",0.00225812591609694,"Temperature (°C)",26.8238953791002
"206","A",5,"Pico Eukaryote",0.00225812591609694,"Oxygen (umol/kg)",198.052923089899
"207","A",5,"Pico Eukaryote",0.00225812591609694,"Oxygen (% saturation)",98.6831140813812
"208","A",5,"Pico Eukaryote",0.00225812591609694,"Fluorescence",0.667368639230058
"209","A",5,"Synechococcus",0.00299030670789727,"Pressure",5.11350266710413
"210","A",5,"Synechococcus",0.00299030670789727,"PAR",2.50192154086396
"211","A",5,"Synechococcus",0.00299030670789727,"Temperature (°C)",26.8238953791002
"212","A",5,"Synechococcus",0.00299030670789727,"Oxygen (umol/kg)",198.052923089899
"213","A",5,"Synechococcus",0.00299030670789727,"Oxygen (% saturation)",98.6831140813812
"214","A",5,"Synechococcus",0.00299030670789727,"Fluorescence",0.667368639230058
"215","A",5,"Prochlorococcus",0.191826071438708,"Pressure",5.11350266710413
"216","A",5,"Prochlorococcus",0.191826071438708,"PAR",2.50192154086396
"217","A",5,"Prochlorococcus",0.191826071438708,"Temperature (°C)",26.8238953791002
"218","A",5,"Prochlorococcus",0.191826071438708,"Oxygen (umol/kg)",198.052923089899
"219","A",5,"Prochlorococcus",0.191826071438708,"Oxygen (% saturation)",98.6831140813812
"220","A",5,"Prochlorococcus",0.191826071438708,"Fluorescence",0.667368639230058
"221","A",75,"Heterotrophic Bacteria",0.438359895275585,"Pressure",75.1697871305649
"222","A",75,"Heterotrophic Bacteria",0.438359895275585,"PAR",1e-12
"223","A",75,"Heterotrophic Bacteria",0.438359895275585,"Temperature (°C)",26.6294327133772
"224","A",75,"Heterotrophic Bacteria",0.438359895275585,"Oxygen (umol/kg)",199.437759018759
"225","A",75,"Heterotrophic Bacteria",0.438359895275585,"Oxygen (% saturation)",99.0557872641762
"226","A",75,"Heterotrophic Bacteria",0.438359895275585,"Fluorescence",0.998913642776976
"227","A",75,"Pico Eukaryote",0.00238818269084173,"Pressure",75.1697871305649
"228","A",75,"Pico Eukaryote",0.00238818269084173,"PAR",1e-12
"229","A",75,"Pico Eukaryote",0.00238818269084173,"Temperature (°C)",26.6294327133772
"230","A",75,"Pico Eukaryote",0.00238818269084173,"Oxygen (umol/kg)",199.437759018759
"231","A",75,"Pico Eukaryote",0.00238818269084173,"Oxygen (% saturation)",99.0557872641762
"232","A",75,"Pico Eukaryote",0.00238818269084173,"Fluorescence",0.998913642776976
"233","A",75,"Synechococcus",0.00813551871530692,"Pressure",75.1697871305649
"234","A",75,"Synechococcus",0.00813551871530692,"PAR",1e-12
"235","A",75,"Synechococcus",0.00813551871530692,"Temperature (°C)",26.6294327133772
"236","A",75,"Synechococcus",0.00813551871530692,"Oxygen (umol/kg)",199.437759018759
"237","A",75,"Synechococcus",0.00813551871530692,"Oxygen (% saturation)",99.0557872641762
"238","A",75,"Synechococcus",0.00813551871530692,"Fluorescence",0.998913642776976
"239","A",75,"Prochlorococcus",0.141801819562607,"Pressure",75.1697871305649
"240","A",75,"Prochlorococcus",0.141801819562607,"PAR",1e-12
"241","A",75,"Prochlorococcus",0.141801819562607,"Temperature (°C)",26.6294327133772
"242","A",75,"Prochlorococcus",0.141801819562607,"Oxygen (umol/kg)",199.437759018759
"243","A",75,"Prochlorococcus",0.141801819562607,"Oxygen (% saturation)",99.0557872641762
"244","A",75,"Prochlorococcus",0.141801819562607,"Fluorescence",0.998913642776976
"245","B",100,"Heterotrophic Bacteria",0.641798786676731,"Pressure",100.257045163036
"246","B",100,"Heterotrophic Bacteria",0.641798786676731,"PAR",1e-12
"247","B",100,"Heterotrophic Bacteria",0.641798786676731,"Temperature (°C)",22.4023160309866
"248","B",100,"Heterotrophic Bacteria",0.641798786676731,"Oxygen (umol/kg)",200.653084766314
"249","B",100,"Heterotrophic Bacteria",0.641798786676731,"Oxygen (% saturation)",92.913494511393
"250","B",100,"Heterotrophic Bacteria",0.641798786676731,"Fluorescence",1.61627827561596
"251","B",100,"Pico Eukaryote",0.00474302287153268,"Pressure",100.257045163036
"252","B",100,"Pico Eukaryote",0.00474302287153268,"PAR",1e-12
"253","B",100,"Pico Eukaryote",0.00474302287153268,"Temperature (°C)",22.4023160309866
"254","B",100,"Pico Eukaryote",0.00474302287153268,"Oxygen (umol/kg)",200.653084766314
"255","B",100,"Pico Eukaryote",0.00474302287153268,"Oxygen (% saturation)",92.913494511393
"256","B",100,"Pico Eukaryote",0.00474302287153268,"Fluorescence",1.61627827561596
"257","B",100,"Synechococcus",0.000307318409652906,"Pressure",100.257045163036
"258","B",100,"Synechococcus",0.000307318409652906,"PAR",1e-12
"259","B",100,"Synechococcus",0.000307318409652906,"Temperature (°C)",22.4023160309866
"260","B",100,"Synechococcus",0.000307318409652906,"Oxygen (umol/kg)",200.653084766314
"261","B",100,"Synechococcus",0.000307318409652906,"Oxygen (% saturation)",92.913494511393
"262","B",100,"Synechococcus",0.000307318409652906,"Fluorescence",1.61627827561596
"263","B",100,"Prochlorococcus",0.120883942798713,"Pressure",100.257045163036
"264","B",100,"Prochlorococcus",0.120883942798713,"PAR",1e-12
"265","B",100,"Prochlorococcus",0.120883942798713,"Temperature (°C)",22.4023160309866
"266","B",100,"Prochlorococcus",0.120883942798713,"Oxygen (umol/kg)",200.653084766314
"267","B",100,"Prochlorococcus",0.120883942798713,"Oxygen (% saturation)",92.913494511393
"268","B",100,"Prochlorococcus",0.120883942798713,"Fluorescence",1.61627827561596
"269","B",125,"Heterotrophic Bacteria",0.639142437494699,"Pressure",125.24328656819
"270","B",125,"Heterotrophic Bacteria",0.639142437494699,"PAR",1.05747521046605e-07
"271","B",125,"Heterotrophic Bacteria",0.639142437494699,"Temperature (°C)",20.7214641374671
"272","B",125,"Heterotrophic Bacteria",0.639142437494699,"Oxygen (umol/kg)",189.065609449788
"273","B",125,"Heterotrophic Bacteria",0.639142437494699,"Oxygen (% saturation)",84.9327569821367
"274","B",125,"Heterotrophic Bacteria",0.639142437494699,"Fluorescence",0.866346665292568
"275","B",125,"Pico Eukaryote",0.00236926648567549,"Pressure",125.24328656819
"276","B",125,"Pico Eukaryote",0.00236926648567549,"PAR",1.05747521046605e-07
"277","B",125,"Pico Eukaryote",0.00236926648567549,"Temperature (°C)",20.7214641374671
"278","B",125,"Pico Eukaryote",0.00236926648567549,"Oxygen (umol/kg)",189.065609449788
"279","B",125,"Pico Eukaryote",0.00236926648567549,"Oxygen (% saturation)",84.9327569821367
"280","B",125,"Pico Eukaryote",0.00236926648567549,"Fluorescence",0.866346665292568
"281","B",125,"Synechococcus",0.000279756818842242,"Pressure",125.24328656819
"282","B",125,"Synechococcus",0.000279756818842242,"PAR",1.05747521046605e-07
"283","B",125,"Synechococcus",0.000279756818842242,"Temperature (°C)",20.7214641374671
"284","B",125,"Synechococcus",0.000279756818842242,"Oxygen (umol/kg)",189.065609449788
"285","B",125,"Synechococcus",0.000279756818842242,"Oxygen (% saturation)",84.9327569821367
"286","B",125,"Synechococcus",0.000279756818842242,"Fluorescence",0.866346665292568
"287","B",125,"Prochlorococcus",0.0390364515852688,"Pressure",125.24328656819
"288","B",125,"Prochlorococcus",0.0390364515852688,"PAR",1.05747521046605e-07
"289","B",125,"Prochlorococcus",0.0390364515852688,"Temperature (°C)",20.7214641374671
"290","B",125,"Prochlorococcus",0.0390364515852688,"Oxygen (umol/kg)",189.065609449788
"291","B",125,"Prochlorococcus",0.0390364515852688,"Oxygen (% saturation)",84.9327569821367
"292","B",125,"Prochlorococcus",0.0390364515852688,"Fluorescence",0.866346665292568
"293","B",150,"Heterotrophic Bacteria",0.642246301069245,"Pressure",150.291525993884
"294","B",150,"Heterotrophic Bacteria",0.642246301069245,"PAR",3.85308649464832e-06
"295","B",150,"Heterotrophic Bacteria",0.642246301069245,"Temperature (°C)",19.678915175841
"296","B",150,"Heterotrophic Bacteria",0.642246301069245,"Oxygen (umol/kg)",183.248674311927
"297","B",150,"Heterotrophic Bacteria",0.642246301069245,"Oxygen (% saturation)",80.7497897553517
"298","B",150,"Heterotrophic Bacteria",0.642246301069245,"Fluorescence",0.591734617737003
"299","B",150,"Pico Eukaryote",0.00132704596476813,"Pressure",150.291525993884
"300","B",150,"Pico Eukaryote",0.00132704596476813,"PAR",3.85308649464832e-06
"301","B",150,"Pico Eukaryote",0.00132704596476813,"Temperature (°C)",19.678915175841
"302","B",150,"Pico Eukaryote",0.00132704596476813,"Oxygen (umol/kg)",183.248674311927
"303","B",150,"Pico Eukaryote",0.00132704596476813,"Oxygen (% saturation)",80.7497897553517
"304","B",150,"Pico Eukaryote",0.00132704596476813,"Fluorescence",0.591734617737003
"305","B",150,"Synechococcus",0.000142832156877285,"Pressure",150.291525993884
"306","B",150,"Synechococcus",0.000142832156877285,"PAR",3.85308649464832e-06
"307","B",150,"Synechococcus",0.000142832156877285,"Temperature (°C)",19.678915175841
"308","B",150,"Synechococcus",0.000142832156877285,"Oxygen (umol/kg)",183.248674311927
"309","B",150,"Synechococcus",0.000142832156877285,"Oxygen (% saturation)",80.7497897553517
"310","B",150,"Synechococcus",0.000142832156877285,"Fluorescence",0.591734617737003
"311","B",150,"Prochlorococcus",0.021031430220348,"Pressure",150.291525993884
"312","B",150,"Prochlorococcus",0.021031430220348,"PAR",3.85308649464832e-06
"313","B",150,"Prochlorococcus",0.021031430220348,"Temperature (°C)",19.678915175841
"314","B",150,"Prochlorococcus",0.021031430220348,"Oxygen (umol/kg)",183.248674311927
"315","B",150,"Prochlorococcus",0.021031430220348,"Oxygen (% saturation)",80.7497897553517
"316","B",150,"Prochlorococcus",0.021031430220348,"Fluorescence",0.591734617737003
"317","B",175,"Heterotrophic Bacteria",0.73310741584049,"Pressure",175.289775873395
"318","B",175,"Heterotrophic Bacteria",0.73310741584049,"PAR",9.08418534011773e-06
"319","B",175,"Heterotrophic Bacteria",0.73310741584049,"Temperature (°C)",18.5003880717039
"320","B",175,"Heterotrophic Bacteria",0.73310741584049,"Oxygen (umol/kg)",178.772538077903
"321","B",175,"Heterotrophic Bacteria",0.73310741584049,"Oxygen (% saturation)",77.0221504519532
"322","B",175,"Heterotrophic Bacteria",0.73310741584049,"Fluorescence",0.47040547137093
"323","B",175,"Pico Eukaryote",0.000854722016820868,"Pressure",175.289775873395
"324","B",175,"Pico Eukaryote",0.000854722016820868,"PAR",9.08418534011773e-06
"325","B",175,"Pico Eukaryote",0.000854722016820868,"Temperature (°C)",18.5003880717039
"326","B",175,"Pico Eukaryote",0.000854722016820868,"Oxygen (umol/kg)",178.772538077903
"327","B",175,"Pico Eukaryote",0.000854722016820868,"Oxygen (% saturation)",77.0221504519532
"328","B",175,"Pico Eukaryote",0.000854722016820868,"Fluorescence",0.47040547137093
"329","B",175,"Synechococcus",0.0001704241125773,"Pressure",175.289775873395
"330","B",175,"Synechococcus",0.0001704241125773,"PAR",9.08418534011773e-06
"331","B",175,"Synechococcus",0.0001704241125773,"Temperature (°C)",18.5003880717039
"332","B",175,"Synechococcus",0.0001704241125773,"Oxygen (umol/kg)",178.772538077903
"333","B",175,"Synechococcus",0.0001704241125773,"Oxygen (% saturation)",77.0221504519532
"334","B",175,"Synechococcus",0.0001704241125773,"Fluorescence",0.47040547137093
"335","B",175,"Prochlorococcus",0.0116783015835035,"Pressure",175.289775873395
"336","B",175,"Prochlorococcus",0.0116783015835035,"PAR",9.08418534011773e-06
"337","B",175,"Prochlorococcus",0.0116783015835035,"Temperature (°C)",18.5003880717039
"338","B",175,"Prochlorococcus",0.0116783015835035,"Oxygen (umol/kg)",178.772538077903
"339","B",175,"Prochlorococcus",0.0116783015835035,"Oxygen (% saturation)",77.0221504519532
"340","B",175,"Prochlorococcus",0.0116783015835035,"Fluorescence",0.47040547137093
"341","B",25,"Heterotrophic Bacteria",0.571636888618124,"Pressure",25.3605490196078
"342","B",25,"Heterotrophic Bacteria",0.571636888618124,"PAR",9.59960662037037e-07
"343","B",25,"Heterotrophic Bacteria",0.571636888618124,"Temperature (°C)",26.7646845656318
"344","B",25,"Heterotrophic Bacteria",0.571636888618124,"Oxygen (umol/kg)",197.968569240196
"345","B",25,"Heterotrophic Bacteria",0.571636888618124,"Oxygen (% saturation)",98.5501745642702
"346","B",25,"Heterotrophic Bacteria",0.571636888618124,"Fluorescence",0.554661247276689
"347","B",25,"Pico Eukaryote",0.00203108492874784,"Pressure",25.3605490196078
"348","B",25,"Pico Eukaryote",0.00203108492874784,"PAR",9.59960662037037e-07
"349","B",25,"Pico Eukaryote",0.00203108492874784,"Temperature (°C)",26.7646845656318
"350","B",25,"Pico Eukaryote",0.00203108492874784,"Oxygen (umol/kg)",197.968569240196
"351","B",25,"Pico Eukaryote",0.00203108492874784,"Oxygen (% saturation)",98.5501745642702
"352","B",25,"Pico Eukaryote",0.00203108492874784,"Fluorescence",0.554661247276689
"353","B",25,"Synechococcus",0.00213136019350531,"Pressure",25.3605490196078
"354","B",25,"Synechococcus",0.00213136019350531,"PAR",9.59960662037037e-07
"355","B",25,"Synechococcus",0.00213136019350531,"Temperature (°C)",26.7646845656318
"356","B",25,"Synechococcus",0.00213136019350531,"Oxygen (umol/kg)",197.968569240196
"357","B",25,"Synechococcus",0.00213136019350531,"Oxygen (% saturation)",98.5501745642702
"358","B",25,"Synechococcus",0.00213136019350531,"Fluorescence",0.554661247276689
"359","B",25,"Prochlorococcus",0.17493372087043,"Pressure",25.3605490196078
"360","B",25,"Prochlorococcus",0.17493372087043,"PAR",9.59960662037037e-07
"361","B",25,"Prochlorococcus",0.17493372087043,"Temperature (°C)",26.7646845656318
"362","B",25,"Prochlorococcus",0.17493372087043,"Oxygen (umol/kg)",197.968569240196
"363","B",25,"Prochlorococcus",0.17493372087043,"Oxygen (% saturation)",98.5501745642702
"364","B",25,"Prochlorococcus",0.17493372087043,"Fluorescence",0.554661247276689
"365","B",250,"Heterotrophic Bacteria",0.675723847164645,"Pressure",250.278042964427
"366","B",250,"Heterotrophic Bacteria",0.675723847164645,"PAR",1.5994197710527e-05
"367","B",250,"Heterotrophic Bacteria",0.675723847164645,"Temperature (°C)",13.615132044137
"368","B",250,"Heterotrophic Bacteria",0.675723847164645,"Oxygen (umol/kg)",176.463059525692
"369","B",250,"Heterotrophic Bacteria",0.675723847164645,"Oxygen (% saturation)",68.9539911594203
"370","B",250,"Heterotrophic Bacteria",0.675723847164645,"Fluorescence",0.361972945059289
"371","B",250,"Pico Eukaryote",0.000123309650131102,"Pressure",250.278042964427
"372","B",250,"Pico Eukaryote",0.000123309650131102,"PAR",1.5994197710527e-05
"373","B",250,"Pico Eukaryote",0.000123309650131102,"Temperature (°C)",13.615132044137
"374","B",250,"Pico Eukaryote",0.000123309650131102,"Oxygen (umol/kg)",176.463059525692
"375","B",250,"Pico Eukaryote",0.000123309650131102,"Oxygen (% saturation)",68.9539911594203
"376","B",250,"Pico Eukaryote",0.000123309650131102,"Fluorescence",0.361972945059289
"377","B",250,"Synechococcus",0.000308093679554821,"Pressure",250.278042964427
"378","B",250,"Synechococcus",0.000308093679554821,"PAR",1.5994197710527e-05
"379","B",250,"Synechococcus",0.000308093679554821,"Temperature (°C)",13.615132044137
"380","B",250,"Synechococcus",0.000308093679554821,"Oxygen (umol/kg)",176.463059525692
"381","B",250,"Synechococcus",0.000308093679554821,"Oxygen (% saturation)",68.9539911594203
"382","B",250,"Synechococcus",0.000308093679554821,"Fluorescence",0.361972945059289
"383","B",250,"Prochlorococcus",0.00344076078265714,"Pressure",250.278042964427
"384","B",250,"Prochlorococcus",0.00344076078265714,"PAR",1.5994197710527e-05
"385","B",250,"Prochlorococcus",0.00344076078265714,"Temperature (°C)",13.615132044137
"386","B",250,"Prochlorococcus",0.00344076078265714,"Oxygen (umol/kg)",176.463059525692
"387","B",250,"Prochlorococcus",0.00344076078265714,"Oxygen (% saturation)",68.9539911594203
"388","B",250,"Prochlorococcus",0.00344076078265714,"Fluorescence",0.361972945059289
"389","B",45,"Heterotrophic Bacteria",0.575937878355874,"Pressure",45.2657451635662
"390","B",45,"Heterotrophic Bacteria",0.575937878355874,"PAR",8.15082550870743e-07
"391","B",45,"Heterotrophic Bacteria",0.575937878355874,"Temperature (°C)",26.6188555046539
"392","B",45,"Heterotrophic Bacteria",0.575937878355874,"Oxygen (umol/kg)",198.502788069511
"393","B",45,"Heterotrophic Bacteria",0.575937878355874,"Oxygen (% saturation)",98.5725454541235
"394","B",45,"Heterotrophic Bacteria",0.575937878355874,"Fluorescence",0.662781555642197
"395","B",45,"Pico Eukaryote",0.0016048916467492,"Pressure",45.2657451635662
"396","B",45,"Pico Eukaryote",0.0016048916467492,"PAR",8.15082550870743e-07
"397","B",45,"Pico Eukaryote",0.0016048916467492,"Temperature (°C)",26.6188555046539
"398","B",45,"Pico Eukaryote",0.0016048916467492,"Oxygen (umol/kg)",198.502788069511
"399","B",45,"Pico Eukaryote",0.0016048916467492,"Oxygen (% saturation)",98.5725454541235
"400","B",45,"Pico Eukaryote",0.0016048916467492,"Fluorescence",0.662781555642197
"401","B",45,"Synechococcus",0.00275610002743204,"Pressure",45.2657451635662
"402","B",45,"Synechococcus",0.00275610002743204,"PAR",8.15082550870743e-07
"403","B",45,"Synechococcus",0.00275610002743204,"Temperature (°C)",26.6188555046539
"404","B",45,"Synechococcus",0.00275610002743204,"Oxygen (umol/kg)",198.502788069511
"405","B",45,"Synechococcus",0.00275610002743204,"Oxygen (% saturation)",98.5725454541235
"406","B",45,"Synechococcus",0.00275610002743204,"Fluorescence",0.662781555642197
"407","B",45,"Prochlorococcus",0.184722960394537,"Pressure",45.2657451635662
"408","B",45,"Prochlorococcus",0.184722960394537,"PAR",8.15082550870743e-07
"409","B",45,"Prochlorococcus",0.184722960394537,"Temperature (°C)",26.6188555046539
"410","B",45,"Prochlorococcus",0.184722960394537,"Oxygen (umol/kg)",198.502788069511
"411","B",45,"Prochlorococcus",0.184722960394537,"Oxygen (% saturation)",98.5725454541235
"412","B",45,"Prochlorococcus",0.184722960394537,"Fluorescence",0.662781555642197
"413","B",5,"Heterotrophic Bacteria",0.583388534865119,"Pressure",5.2717025297619
"414","B",5,"Heterotrophic Bacteria",0.583388534865119,"PAR",1.14512365724206
"415","B",5,"Heterotrophic Bacteria",0.583388534865119,"Temperature (°C)",26.7657823561508
"416","B",5,"Heterotrophic Bacteria",0.583388534865119,"Oxygen (umol/kg)",181.786466021825
"417","B",5,"Heterotrophic Bacteria",0.583388534865119,"Oxygen (% saturation)",90.4835780257936
"418","B",5,"Heterotrophic Bacteria",0.583388534865119,"Fluorescence",0.558909367559524
"419","B",5,"Pico Eukaryote",0.00212516873732108,"Pressure",5.2717025297619
"420","B",5,"Pico Eukaryote",0.00212516873732108,"PAR",1.14512365724206
"421","B",5,"Pico Eukaryote",0.00212516873732108,"Temperature (°C)",26.7657823561508
"422","B",5,"Pico Eukaryote",0.00212516873732108,"Oxygen (umol/kg)",181.786466021825
"423","B",5,"Pico Eukaryote",0.00212516873732108,"Oxygen (% saturation)",90.4835780257936
"424","B",5,"Pico Eukaryote",0.00212516873732108,"Fluorescence",0.558909367559524
"425","B",5,"Synechococcus",0.00207879482268576,"Pressure",5.2717025297619
"426","B",5,"Synechococcus",0.00207879482268576,"PAR",1.14512365724206
"427","B",5,"Synechococcus",0.00207879482268576,"Temperature (°C)",26.7657823561508
"428","B",5,"Synechococcus",0.00207879482268576,"Oxygen (umol/kg)",181.786466021825
"429","B",5,"Synechococcus",0.00207879482268576,"Oxygen (% saturation)",90.4835780257936
"430","B",5,"Synechococcus",0.00207879482268576,"Fluorescence",0.558909367559524
"431","B",5,"Prochlorococcus",0.176145079942371,"Pressure",5.2717025297619
"432","B",5,"Prochlorococcus",0.176145079942371,"PAR",1.14512365724206
"433","B",5,"Prochlorococcus",0.176145079942371,"Temperature (°C)",26.7657823561508
"434","B",5,"Prochlorococcus",0.176145079942371,"Oxygen (umol/kg)",181.786466021825
"435","B",5,"Prochlorococcus",0.176145079942371,"Oxygen (% saturation)",90.4835780257936
"436","B",5,"Prochlorococcus",0.176145079942371,"Fluorescence",0.558909367559524
"437","B",75,"Heterotrophic Bacteria",0.534037680357476,"Pressure",75.2311100414059
"438","B",75,"Heterotrophic Bacteria",0.534037680357476,"PAR",2.52016911764708e-08
"439","B",75,"Heterotrophic Bacteria",0.534037680357476,"Temperature (°C)",24.1207699282687
"440","B",75,"Heterotrophic Bacteria",0.534037680357476,"Oxygen (umol/kg)",210.713876348606
"441","B",75,"Heterotrophic Bacteria",0.534037680357476,"Oxygen (% saturation)",100.453561012888
"442","B",75,"Heterotrophic Bacteria",0.534037680357476,"Fluorescence",1.08190753780957
"443","B",75,"Pico Eukaryote",0.00188462272415104,"Pressure",75.2311100414059
"444","B",75,"Pico Eukaryote",0.00188462272415104,"PAR",2.52016911764708e-08
"445","B",75,"Pico Eukaryote",0.00188462272415104,"Temperature (°C)",24.1207699282687
"446","B",75,"Pico Eukaryote",0.00188462272415104,"Oxygen (umol/kg)",210.713876348606
"447","B",75,"Pico Eukaryote",0.00188462272415104,"Oxygen (% saturation)",100.453561012888
"448","B",75,"Pico Eukaryote",0.00188462272415104,"Fluorescence",1.08190753780957
"449","B",75,"Synechococcus",0.0017175798529012,"Pressure",75.2311100414059
"450","B",75,"Synechococcus",0.0017175798529012,"PAR",2.52016911764708e-08
"451","B",75,"Synechococcus",0.0017175798529012,"Temperature (°C)",24.1207699282687
"452","B",75,"Synechococcus",0.0017175798529012,"Oxygen (umol/kg)",210.713876348606
"453","B",75,"Synechococcus",0.0017175798529012,"Oxygen (% saturation)",100.453561012888
"454","B",75,"Synechococcus",0.0017175798529012,"Fluorescence",1.08190753780957
"455","B",75,"Prochlorococcus",0.233499986176323,"Pressure",75.2311100414059
"456","B",75,"Prochlorococcus",0.233499986176323,"PAR",2.52016911764708e-08
"457","B",75,"Prochlorococcus",0.233499986176323,"Temperature (°C)",24.1207699282687
"458","B",75,"Prochlorococcus",0.233499986176323,"Oxygen (umol/kg)",210.713876348606
"459","B",75,"Prochlorococcus",0.233499986176323,"Oxygen (% saturation)",100.453561012888
"460","B",75,"Prochlorococcus",0.233499986176323,"Fluorescence",1.08190753780957
"461","B",88,"Heterotrophic Bacteria",0.576557474000029,"Pressure",88.2289148393482
"462","B",88,"Heterotrophic Bacteria",0.576557474000029,"PAR",1e-12
"463","B",88,"Heterotrophic Bacteria",0.576557474000029,"Temperature (°C)",23.107342310035
"464","B",88,"Heterotrophic Bacteria",0.576557474000029,"Oxygen (umol/kg)",206.335474664992
"465","B",88,"Heterotrophic Bacteria",0.576557474000029,"Oxygen (% saturation)",96.717975045683
"466","B",88,"Heterotrophic Bacteria",0.576557474000029,"Fluorescence",1.60945312166895
"467","B",88,"Pico Eukaryote",0.00419749880998745,"Pressure",88.2289148393482
"468","B",88,"Pico Eukaryote",0.00419749880998745,"PAR",1e-12
"469","B",88,"Pico Eukaryote",0.00419749880998745,"Temperature (°C)",23.107342310035
"470","B",88,"Pico Eukaryote",0.00419749880998745,"Oxygen (umol/kg)",206.335474664992
"471","B",88,"Pico Eukaryote",0.00419749880998745,"Oxygen (% saturation)",96.717975045683
"472","B",88,"Pico Eukaryote",0.00419749880998745,"Fluorescence",1.60945312166895
"473","B",88,"Synechococcus",0.0026396642000952,"Pressure",88.2289148393482
"474","B",88,"Synechococcus",0.0026396642000952,"PAR",1e-12
"475","B",88,"Synechococcus",0.0026396642000952,"Temperature (°C)",23.107342310035
"476","B",88,"Synechococcus",0.0026396642000952,"Oxygen (umol/kg)",206.335474664992
"477","B",88,"Synechococcus",0.0026396642000952,"Oxygen (% saturation)",96.717975045683
"478","B",88,"Synechococcus",0.0026396642000952,"Fluorescence",1.60945312166895
"479","B",88,"Prochlorococcus",0.183074415451411,"Pressure",88.2289148393482
"480","B",88,"Prochlorococcus",0.183074415451411,"PAR",1e-12
"481","B",88,"Prochlorococcus",0.183074415451411,"Temperature (°C)",23.107342310035
"482","B",88,"Prochlorococcus",0.183074415451411,"Oxygen (umol/kg)",206.335474664992
"483","B",88,"Prochlorococcus",0.183074415451411,"Oxygen (% saturation)",96.717975045683
"484","B",88,"Prochlorococcus",0.183074415451411,"Fluorescence",1.60945312166895
"485","B",93,"Heterotrophic Bacteria",0.62207629862795,"Pressure",93.2490096153846
"486","B",93,"Heterotrophic Bacteria",0.62207629862795,"PAR",1e-12
"487","B",93,"Heterotrophic Bacteria",0.62207629862795,"Temperature (°C)",22.7135189762443
"488","B",93,"Heterotrophic Bacteria",0.62207629862795,"Oxygen (umol/kg)",203.313767533937
"489","B",93,"Heterotrophic Bacteria",0.62207629862795,"Oxygen (% saturation)",94.6567914309955
"490","B",93,"Heterotrophic Bacteria",0.62207629862795,"Fluorescence",1.61492644230769
"491","B",93,"Pico Eukaryote",0.00367486482823019,"Pressure",93.2490096153846
"492","B",93,"Pico Eukaryote",0.00367486482823019,"PAR",1e-12
"493","B",93,"Pico Eukaryote",0.00367486482823019,"Temperature (°C)",22.7135189762443
"494","B",93,"Pico Eukaryote",0.00367486482823019,"Oxygen (umol/kg)",203.313767533937
"495","B",93,"Pico Eukaryote",0.00367486482823019,"Oxygen (% saturation)",94.6567914309955
"496","B",93,"Pico Eukaryote",0.00367486482823019,"Fluorescence",1.61492644230769
"497","B",93,"Synechococcus",0.000542193171378225,"Pressure",93.2490096153846
"498","B",93,"Synechococcus",0.000542193171378225,"PAR",1e-12
"499","B",93,"Synechococcus",0.000542193171378225,"Temperature (°C)",22.7135189762443
"500","B",93,"Synechococcus",0.000542193171378225,"Oxygen (umol/kg)",203.313767533937
"501","B",93,"Synechococcus",0.000542193171378225,"Oxygen (% saturation)",94.6567914309955
"502","B",93,"Synechococcus",0.000542193171378225,"Fluorescence",1.61492644230769
"503","B",93,"Prochlorococcus",0.137792370137205,"Pressure",93.2490096153846
"504","B",93,"Prochlorococcus",0.137792370137205,"PAR",1e-12
"505","B",93,"Prochlorococcus",0.137792370137205,"Temperature (°C)",22.7135189762443
"506","B",93,"Prochlorococcus",0.137792370137205,"Oxygen (umol/kg)",203.313767533937
"507","B",93,"Prochlorococcus",0.137792370137205,"Oxygen (% saturation)",94.6567914309955
"508","B",93,"Prochlorococcus",0.137792370137205,"Fluorescence",1.61492644230769
"509","C",100,"Heterotrophic Bacteria",0.549120215899645,"Pressure",100.259881929646
"510","C",100,"Heterotrophic Bacteria",0.549120215899645,"PAR",17.1933712470905
"511","C",100,"Heterotrophic Bacteria",0.549120215899645,"Temperature (°C)",23.8013621492148
"512","C",100,"Heterotrophic Bacteria",0.549120215899645,"Oxygen (umol/kg)",209.691434384869
"513","C",100,"Heterotrophic Bacteria",0.549120215899645,"Oxygen (% saturation)",99.4207973054563
"514","C",100,"Heterotrophic Bacteria",0.549120215899645,"Fluorescence",1.18606175895267
"515","C",100,"Pico Eukaryote",0.00179030240324092,"Pressure",100.259881929646
"516","C",100,"Pico Eukaryote",0.00179030240324092,"PAR",17.1933712470905
"517","C",100,"Pico Eukaryote",0.00179030240324092,"Temperature (°C)",23.8013621492148
"518","C",100,"Pico Eukaryote",0.00179030240324092,"Oxygen (umol/kg)",209.691434384869
"519","C",100,"Pico Eukaryote",0.00179030240324092,"Oxygen (% saturation)",99.4207973054563
"520","C",100,"Pico Eukaryote",0.00179030240324092,"Fluorescence",1.18606175895267
"521","C",100,"Synechococcus",0.00122916746355423,"Pressure",100.259881929646
"522","C",100,"Synechococcus",0.00122916746355423,"PAR",17.1933712470905
"523","C",100,"Synechococcus",0.00122916746355423,"Temperature (°C)",23.8013621492148
"524","C",100,"Synechococcus",0.00122916746355423,"Oxygen (umol/kg)",209.691434384869
"525","C",100,"Synechococcus",0.00122916746355423,"Oxygen (% saturation)",99.4207973054563
"526","C",100,"Synechococcus",0.00122916746355423,"Fluorescence",1.18606175895267
"527","C",100,"Prochlorococcus",0.217770504923774,"Pressure",100.259881929646
"528","C",100,"Prochlorococcus",0.217770504923774,"PAR",17.1933712470905
"529","C",100,"Prochlorococcus",0.217770504923774,"Temperature (°C)",23.8013621492148
"530","C",100,"Prochlorococcus",0.217770504923774,"Oxygen (umol/kg)",209.691434384869
"531","C",100,"Prochlorococcus",0.217770504923774,"Oxygen (% saturation)",99.4207973054563
"532","C",100,"Prochlorococcus",0.217770504923774,"Fluorescence",1.18606175895267
"533","C",120,"Heterotrophic Bacteria",0.656419090080049,"Pressure",120.264663550085
"534","C",120,"Heterotrophic Bacteria",0.656419090080049,"PAR",5.92292272129299
"535","C",120,"Heterotrophic Bacteria",0.656419090080049,"Temperature (°C)",22.5407387427175
"536","C",120,"Heterotrophic Bacteria",0.656419090080049,"Oxygen (umol/kg)",202.021771542003
"537","C",120,"Heterotrophic Bacteria",0.656419090080049,"Oxygen (% saturation)",93.7865010806239
"538","C",120,"Heterotrophic Bacteria",0.656419090080049,"Fluorescence",1.55954330013155
"539","C",120,"Pico Eukaryote",0.00539061708379775,"Pressure",120.264663550085
"540","C",120,"Pico Eukaryote",0.00539061708379775,"PAR",5.92292272129299
"541","C",120,"Pico Eukaryote",0.00539061708379775,"Temperature (°C)",22.5407387427175
"542","C",120,"Pico Eukaryote",0.00539061708379775,"Oxygen (umol/kg)",202.021771542003
"543","C",120,"Pico Eukaryote",0.00539061708379775,"Oxygen (% saturation)",93.7865010806239
"544","C",120,"Pico Eukaryote",0.00539061708379775,"Fluorescence",1.55954330013155
"545","C",120,"Synechococcus",0.000101327388793191,"Pressure",120.264663550085
"546","C",120,"Synechococcus",0.000101327388793191,"PAR",5.92292272129299
"547","C",120,"Synechococcus",0.000101327388793191,"Temperature (°C)",22.5407387427175
"548","C",120,"Synechococcus",0.000101327388793191,"Oxygen (umol/kg)",202.021771542003
"549","C",120,"Synechococcus",0.000101327388793191,"Oxygen (% saturation)",93.7865010806239
"550","C",120,"Synechococcus",0.000101327388793191,"Fluorescence",1.55954330013155
"551","C",120,"Prochlorococcus",0.107711014287162,"Pressure",120.264663550085
"552","C",120,"Prochlorococcus",0.107711014287162,"PAR",5.92292272129299
"553","C",120,"Prochlorococcus",0.107711014287162,"Temperature (°C)",22.5407387427175
"554","C",120,"Prochlorococcus",0.107711014287162,"Oxygen (umol/kg)",202.021771542003
"555","C",120,"Prochlorococcus",0.107711014287162,"Oxygen (% saturation)",93.7865010806239
"556","C",120,"Prochlorococcus",0.107711014287162,"Fluorescence",1.55954330013155
"557","C",125,"Heterotrophic Bacteria",0.651153115773275,"Pressure",125.242316832146
"558","C",125,"Heterotrophic Bacteria",0.651153115773275,"PAR",4.6044704177815
"559","C",125,"Heterotrophic Bacteria",0.651153115773275,"Temperature (°C)",22.291081860675
"560","C",125,"Heterotrophic Bacteria",0.651153115773275,"Oxygen (umol/kg)",200.03533863673
"561","C",125,"Heterotrophic Bacteria",0.651153115773275,"Oxygen (% saturation)",92.4628013015377
"562","C",125,"Heterotrophic Bacteria",0.651153115773275,"Fluorescence",1.67488447906257
"563","C",125,"Pico Eukaryote",0.00452870007724608,"Pressure",125.242316832146
"564","C",125,"Pico Eukaryote",0.00452870007724608,"PAR",4.6044704177815
"565","C",125,"Pico Eukaryote",0.00452870007724608,"Temperature (°C)",22.291081860675
"566","C",125,"Pico Eukaryote",0.00452870007724608,"Oxygen (umol/kg)",200.03533863673
"567","C",125,"Pico Eukaryote",0.00452870007724608,"Oxygen (% saturation)",92.4628013015377
"568","C",125,"Pico Eukaryote",0.00452870007724608,"Fluorescence",1.67488447906257
"569","C",125,"Synechococcus",0.000486345653680932,"Pressure",125.242316832146
"570","C",125,"Synechococcus",0.000486345653680932,"PAR",4.6044704177815
"571","C",125,"Synechococcus",0.000486345653680932,"Temperature (°C)",22.291081860675
"572","C",125,"Synechococcus",0.000486345653680932,"Oxygen (umol/kg)",200.03533863673
"573","C",125,"Synechococcus",0.000486345653680932,"Oxygen (% saturation)",92.4628013015377
"574","C",125,"Synechococcus",0.000486345653680932,"Fluorescence",1.67488447906257
"575","C",125,"Prochlorococcus",0.110270783237533,"Pressure",125.242316832146
"576","C",125,"Prochlorococcus",0.110270783237533,"PAR",4.6044704177815
"577","C",125,"Prochlorococcus",0.110270783237533,"Temperature (°C)",22.291081860675
"578","C",125,"Prochlorococcus",0.110270783237533,"Oxygen (umol/kg)",200.03533863673
"579","C",125,"Prochlorococcus",0.110270783237533,"Oxygen (% saturation)",92.4628013015377
"580","C",125,"Prochlorococcus",0.110270783237533,"Fluorescence",1.67488447906257
"581","C",132,"Heterotrophic Bacteria",0.646675289240091,"Pressure",132.251916642121
"582","C",132,"Heterotrophic Bacteria",0.646675289240091,"PAR",3.14149787371134
"583","C",132,"Heterotrophic Bacteria",0.646675289240091,"Temperature (°C)",22.0140475589102
"584","C",132,"Heterotrophic Bacteria",0.646675289240091,"Oxygen (umol/kg)",197.793425773196
"585","C",132,"Heterotrophic Bacteria",0.646675289240091,"Oxygen (% saturation)",90.983701859352
"586","C",132,"Heterotrophic Bacteria",0.646675289240091,"Fluorescence",1.57611385309278
"587","C",132,"Pico Eukaryote",0.00504952073847026,"Pressure",132.251916642121
"588","C",132,"Pico Eukaryote",0.00504952073847026,"PAR",3.14149787371134
"589","C",132,"Pico Eukaryote",0.00504952073847026,"Temperature (°C)",22.0140475589102
"590","C",132,"Pico Eukaryote",0.00504952073847026,"Oxygen (umol/kg)",197.793425773196
"591","C",132,"Pico Eukaryote",0.00504952073847026,"Oxygen (% saturation)",90.983701859352
"592","C",132,"Pico Eukaryote",0.00504952073847026,"Fluorescence",1.57611385309278
"593","C",132,"Synechococcus",0.000513810882160132,"Pressure",132.251916642121
"594","C",132,"Synechococcus",0.000513810882160132,"PAR",3.14149787371134
"595","C",132,"Synechococcus",0.000513810882160132,"Temperature (°C)",22.0140475589102
"596","C",132,"Synechococcus",0.000513810882160132,"Oxygen (umol/kg)",197.793425773196
"597","C",132,"Synechococcus",0.000513810882160132,"Oxygen (% saturation)",90.983701859352
"598","C",132,"Synechococcus",0.000513810882160132,"Fluorescence",1.57611385309278
"599","C",132,"Prochlorococcus",0.111691855211637,"Pressure",132.251916642121
"600","C",132,"Prochlorococcus",0.111691855211637,"PAR",3.14149787371134
"601","C",132,"Prochlorococcus",0.111691855211637,"Temperature (°C)",22.0140475589102
"602","C",132,"Prochlorococcus",0.111691855211637,"Oxygen (umol/kg)",197.793425773196
"603","C",132,"Prochlorococcus",0.111691855211637,"Oxygen (% saturation)",90.983701859352
"604","C",132,"Prochlorococcus",0.111691855211637,"Fluorescence",1.57611385309278
"605","C",150,"Heterotrophic Bacteria",0.714746704202397,"Pressure",150.232737156558
"606","C",150,"Heterotrophic Bacteria",0.714746704202397,"PAR",1.25540673912973
"607","C",150,"Heterotrophic Bacteria",0.714746704202397,"Temperature (°C)",20.3739825646384
"608","C",150,"Heterotrophic Bacteria",0.714746704202397,"Oxygen (umol/kg)",187.964912316939
"609","C",150,"Heterotrophic Bacteria",0.714746704202397,"Oxygen (% saturation)",83.9151540281558
"610","C",150,"Heterotrophic Bacteria",0.714746704202397,"Fluorescence",0.815126243941161
"611","C",150,"Pico Eukaryote",0.00208820598370376,"Pressure",150.232737156558
"612","C",150,"Pico Eukaryote",0.00208820598370376,"PAR",1.25540673912973
"613","C",150,"Pico Eukaryote",0.00208820598370376,"Temperature (°C)",20.3739825646384
"614","C",150,"Pico Eukaryote",0.00208820598370376,"Oxygen (umol/kg)",187.964912316939
"615","C",150,"Pico Eukaryote",0.00208820598370376,"Oxygen (% saturation)",83.9151540281558
"616","C",150,"Pico Eukaryote",0.00208820598370376,"Fluorescence",0.815126243941161
"617","C",150,"Synechococcus",0.00029480057606485,"Pressure",150.232737156558
"618","C",150,"Synechococcus",0.00029480057606485,"PAR",1.25540673912973
"619","C",150,"Synechococcus",0.00029480057606485,"Temperature (°C)",20.3739825646384
"620","C",150,"Synechococcus",0.00029480057606485,"Oxygen (umol/kg)",187.964912316939
"621","C",150,"Synechococcus",0.00029480057606485,"Oxygen (% saturation)",83.9151540281558
"622","C",150,"Synechococcus",0.00029480057606485,"Fluorescence",0.815126243941161
"623","C",150,"Prochlorococcus",0.0364795559831109,"Pressure",150.232737156558
"624","C",150,"Prochlorococcus",0.0364795559831109,"PAR",1.25540673912973
"625","C",150,"Prochlorococcus",0.0364795559831109,"Temperature (°C)",20.3739825646384
"626","C",150,"Prochlorococcus",0.0364795559831109,"Oxygen (umol/kg)",187.964912316939
"627","C",150,"Prochlorococcus",0.0364795559831109,"Oxygen (% saturation)",83.9151540281558
"628","C",150,"Prochlorococcus",0.0364795559831109,"Fluorescence",0.815126243941161
"629","C",175,"Heterotrophic Bacteria",0.729799553578751,"Pressure",175.251690867103
"630","C",175,"Heterotrophic Bacteria",0.729799553578751,"PAR",0.44126569372404
"631","C",175,"Heterotrophic Bacteria",0.729799553578751,"Temperature (°C)",19.2941778667521
"632","C",175,"Heterotrophic Bacteria",0.729799553578751,"Oxygen (umol/kg)",187.322207135624
"633","C",175,"Heterotrophic Bacteria",0.729799553578751,"Oxygen (% saturation)",81.9646905829596
"634","C",175,"Heterotrophic Bacteria",0.729799553578751,"Fluorescence",0.440722445237751
"635","C",175,"Pico Eukaryote",0.000855721265774635,"Pressure",175.251690867103
"636","C",175,"Pico Eukaryote",0.000855721265774635,"PAR",0.44126569372404
"637","C",175,"Pico Eukaryote",0.000855721265774635,"Temperature (°C)",19.2941778667521
"638","C",175,"Pico Eukaryote",0.000855721265774635,"Oxygen (umol/kg)",187.322207135624
"639","C",175,"Pico Eukaryote",0.000855721265774635,"Oxygen (% saturation)",81.9646905829596
"640","C",175,"Pico Eukaryote",0.000855721265774635,"Fluorescence",0.440722445237751
"641","C",175,"Synechococcus",0.000833411788708775,"Pressure",175.251690867103
"642","C",175,"Synechococcus",0.000833411788708775,"PAR",0.44126569372404
"643","C",175,"Synechococcus",0.000833411788708775,"Temperature (°C)",19.2941778667521
"644","C",175,"Synechococcus",0.000833411788708775,"Oxygen (umol/kg)",187.322207135624
"645","C",175,"Synechococcus",0.000833411788708775,"Oxygen (% saturation)",81.9646905829596
"646","C",175,"Synechococcus",0.000833411788708775,"Fluorescence",0.440722445237751
"647","C",175,"Prochlorococcus",0.00810815344847046,"Pressure",175.251690867103
"648","C",175,"Prochlorococcus",0.00810815344847046,"PAR",0.44126569372404
"649","C",175,"Prochlorococcus",0.00810815344847046,"Temperature (°C)",19.2941778667521
"650","C",175,"Prochlorococcus",0.00810815344847046,"Oxygen (umol/kg)",187.322207135624
"651","C",175,"Prochlorococcus",0.00810815344847046,"Oxygen (% saturation)",81.9646905829596
"652","C",175,"Prochlorococcus",0.00810815344847046,"Fluorescence",0.440722445237751
"653","C",25,"Heterotrophic Bacteria",0.577710244658934,"Pressure",25.248152167994
"654","C",25,"Heterotrophic Bacteria",0.577710244658934,"PAR",230.079263948449
"655","C",25,"Heterotrophic Bacteria",0.577710244658934,"Temperature (°C)",26.8376846935766
"656","C",25,"Heterotrophic Bacteria",0.577710244658934,"Oxygen (umol/kg)",197.714945981667
"657","C",25,"Heterotrophic Bacteria",0.577710244658934,"Oxygen (% saturation)",98.5272193973635
"658","C",25,"Heterotrophic Bacteria",0.577710244658934,"Fluorescence",0.482200744106369
"659","C",25,"Pico Eukaryote",0.00197641216669906,"Pressure",25.248152167994
"660","C",25,"Pico Eukaryote",0.00197641216669906,"PAR",230.079263948449
"661","C",25,"Pico Eukaryote",0.00197641216669906,"Temperature (°C)",26.8376846935766
"662","C",25,"Pico Eukaryote",0.00197641216669906,"Oxygen (umol/kg)",197.714945981667
"663","C",25,"Pico Eukaryote",0.00197641216669906,"Oxygen (% saturation)",98.5272193973635
"664","C",25,"Pico Eukaryote",0.00197641216669906,"Fluorescence",0.482200744106369
"665","C",25,"Synechococcus",0.00111918737133355,"Pressure",25.248152167994
"666","C",25,"Synechococcus",0.00111918737133355,"PAR",230.079263948449
"667","C",25,"Synechococcus",0.00111918737133355,"Temperature (°C)",26.8376846935766
"668","C",25,"Synechococcus",0.00111918737133355,"Oxygen (umol/kg)",197.714945981667
"669","C",25,"Synechococcus",0.00111918737133355,"Oxygen (% saturation)",98.5272193973635
"670","C",25,"Synechococcus",0.00111918737133355,"Fluorescence",0.482200744106369
"671","C",25,"Prochlorococcus",0.17624990251066,"Pressure",25.248152167994
"672","C",25,"Prochlorococcus",0.17624990251066,"PAR",230.079263948449
"673","C",25,"Prochlorococcus",0.17624990251066,"Temperature (°C)",26.8376846935766
"674","C",25,"Prochlorococcus",0.17624990251066,"Oxygen (umol/kg)",197.714945981667
"675","C",25,"Prochlorococcus",0.17624990251066,"Oxygen (% saturation)",98.5272193973635
"676","C",25,"Prochlorococcus",0.17624990251066,"Fluorescence",0.482200744106369
"677","C",250,"Heterotrophic Bacteria",0.70950740611546,"Pressure",250.172757425743
"678","C",250,"Heterotrophic Bacteria",0.70950740611546,"PAR",1.1825861980198e-05
"679","C",250,"Heterotrophic Bacteria",0.70950740611546,"Temperature (°C)",14.3230556930693
"680","C",250,"Heterotrophic Bacteria",0.70950740611546,"Oxygen (umol/kg)",179.185495049505
"681","C",250,"Heterotrophic Bacteria",0.70950740611546,"Oxygen (% saturation)",71.036849009901
"682","C",250,"Heterotrophic Bacteria",0.70950740611546,"Fluorescence",0.354585742574257
"683","C",250,"Pico Eukaryote",0.000307374845583843,"Pressure",250.172757425743
"684","C",250,"Pico Eukaryote",0.000307374845583843,"PAR",1.1825861980198e-05
"685","C",250,"Pico Eukaryote",0.000307374845583843,"Temperature (°C)",14.3230556930693
"686","C",250,"Pico Eukaryote",0.000307374845583843,"Oxygen (umol/kg)",179.185495049505
"687","C",250,"Pico Eukaryote",0.000307374845583843,"Oxygen (% saturation)",71.036849009901
"688","C",250,"Pico Eukaryote",0.000307374845583843,"Fluorescence",0.354585742574257
"689","C",250,"Synechococcus",0.000614953585741322,"Pressure",250.172757425743
"690","C",250,"Synechococcus",0.000614953585741322,"PAR",1.1825861980198e-05
"691","C",250,"Synechococcus",0.000614953585741322,"Temperature (°C)",14.3230556930693
"692","C",250,"Synechococcus",0.000614953585741322,"Oxygen (umol/kg)",179.185495049505
"693","C",250,"Synechococcus",0.000614953585741322,"Oxygen (% saturation)",71.036849009901
"694","C",250,"Synechococcus",0.000614953585741322,"Fluorescence",0.354585742574257
"695","C",250,"Prochlorococcus",0.00347176576688041,"Pressure",250.172757425743
"696","C",250,"Prochlorococcus",0.00347176576688041,"PAR",1.1825861980198e-05
"697","C",250,"Prochlorococcus",0.00347176576688041,"Temperature (°C)",14.3230556930693
"698","C",250,"Prochlorococcus",0.00347176576688041,"Oxygen (umol/kg)",179.185495049505
"699","C",250,"Prochlorococcus",0.00347176576688041,"Oxygen (% saturation)",71.036849009901
"700","C",250,"Prochlorococcus",0.00347176576688041,"Fluorescence",0.354585742574257
"701","C",45,"Heterotrophic Bacteria",0.570579374208174,"Pressure",45.2345149641965
"702","C",45,"Heterotrophic Bacteria",0.570579374208174,"PAR",152.7991449778
"703","C",45,"Heterotrophic Bacteria",0.570579374208174,"Temperature (°C)",26.32423952282
"704","C",45,"Heterotrophic Bacteria",0.570579374208174,"Oxygen (umol/kg)",200.497422751633
"705","C",45,"Heterotrophic Bacteria",0.570579374208174,"Oxygen (% saturation)",99.0604033026625
"706","C",45,"Heterotrophic Bacteria",0.570579374208174,"Fluorescence",0.664244310802326
"707","C",45,"Pico Eukaryote",0.0021085505262455,"Pressure",45.2345149641965
"708","C",45,"Pico Eukaryote",0.0021085505262455,"PAR",152.7991449778
"709","C",45,"Pico Eukaryote",0.0021085505262455,"Temperature (°C)",26.32423952282
"710","C",45,"Pico Eukaryote",0.0021085505262455,"Oxygen (umol/kg)",200.497422751633
"711","C",45,"Pico Eukaryote",0.0021085505262455,"Oxygen (% saturation)",99.0604033026625
"712","C",45,"Pico Eukaryote",0.0021085505262455,"Fluorescence",0.664244310802326
"713","C",45,"Synechococcus",0.00240955928409781,"Pressure",45.2345149641965
"714","C",45,"Synechococcus",0.00240955928409781,"PAR",152.7991449778
"715","C",45,"Synechococcus",0.00240955928409781,"Temperature (°C)",26.32423952282
"716","C",45,"Synechococcus",0.00240955928409781,"Oxygen (umol/kg)",200.497422751633
"717","C",45,"Synechococcus",0.00240955928409781,"Oxygen (% saturation)",99.0604033026625
"718","C",45,"Synechococcus",0.00240955928409781,"Fluorescence",0.664244310802326
"719","C",45,"Prochlorococcus",0.193528011885737,"Pressure",45.2345149641965
"720","C",45,"Prochlorococcus",0.193528011885737,"PAR",152.7991449778
"721","C",45,"Prochlorococcus",0.193528011885737,"Temperature (°C)",26.32423952282
"722","C",45,"Prochlorococcus",0.193528011885737,"Oxygen (umol/kg)",200.497422751633
"723","C",45,"Prochlorococcus",0.193528011885737,"Oxygen (% saturation)",99.0604033026625
"724","C",45,"Prochlorococcus",0.193528011885737,"Fluorescence",0.664244310802326
"725","C",5,"Heterotrophic Bacteria",0.586564213413132,"Pressure",5.27500639403916
"726","C",5,"Heterotrophic Bacteria",0.586564213413132,"PAR",1048.31349211575
"727","C",5,"Heterotrophic Bacteria",0.586564213413132,"Temperature (°C)",26.9094077222318
"728","C",5,"Heterotrophic Bacteria",0.586564213413132,"Oxygen (umol/kg)",194.766596603708
"729","C",5,"Heterotrophic Bacteria",0.586564213413132,"Oxygen (% saturation)",97.1714403612892
"730","C",5,"Heterotrophic Bacteria",0.586564213413132,"Fluorescence",0.421222510483452
"731","C",5,"Pico Eukaryote",0.00181950671958032,"Pressure",5.27500639403916
"732","C",5,"Pico Eukaryote",0.00181950671958032,"PAR",1048.31349211575
"733","C",5,"Pico Eukaryote",0.00181950671958032,"Temperature (°C)",26.9094077222318
"734","C",5,"Pico Eukaryote",0.00181950671958032,"Oxygen (umol/kg)",194.766596603708
"735","C",5,"Pico Eukaryote",0.00181950671958032,"Oxygen (% saturation)",97.1714403612892
"736","C",5,"Pico Eukaryote",0.00181950671958032,"Fluorescence",0.421222510483452
"737","C",5,"Synechococcus",0.00125733733815268,"Pressure",5.27500639403916
"738","C",5,"Synechococcus",0.00125733733815268,"PAR",1048.31349211575
"739","C",5,"Synechococcus",0.00125733733815268,"Temperature (°C)",26.9094077222318
"740","C",5,"Synechococcus",0.00125733733815268,"Oxygen (umol/kg)",194.766596603708
"741","C",5,"Synechococcus",0.00125733733815268,"Oxygen (% saturation)",97.1714403612892
"742","C",5,"Synechococcus",0.00125733733815268,"Fluorescence",0.421222510483452
"743","C",5,"Prochlorococcus",0.156492073400774,"Pressure",5.27500639403916
"744","C",5,"Prochlorococcus",0.156492073400774,"PAR",1048.31349211575
"745","C",5,"Prochlorococcus",0.156492073400774,"Temperature (°C)",26.9094077222318
"746","C",5,"Prochlorococcus",0.156492073400774,"Oxygen (umol/kg)",194.766596603708
"747","C",5,"Prochlorococcus",0.156492073400774,"Oxygen (% saturation)",97.1714403612892
"748","C",5,"Prochlorococcus",0.156492073400774,"Fluorescence",0.421222510483452
"749","C",75,"Heterotrophic Bacteria",0.552063534020881,"Pressure",75.2271838768162
"750","C",75,"Heterotrophic Bacteria",0.552063534020881,"PAR",51.0627168438583
"751","C",75,"Heterotrophic Bacteria",0.552063534020881,"Temperature (°C)",25.1529530442082
"752","C",75,"Heterotrophic Bacteria",0.552063534020881,"Oxygen (umol/kg)",205.773046557048
"753","C",75,"Heterotrophic Bacteria",0.552063534020881,"Oxygen (% saturation)",99.7134524559453
"754","C",75,"Heterotrophic Bacteria",0.552063534020881,"Fluorescence",0.906490936583329
"755","C",75,"Pico Eukaryote",0.00149479953385006,"Pressure",75.2271838768162
"756","C",75,"Pico Eukaryote",0.00149479953385006,"PAR",51.0627168438583
"757","C",75,"Pico Eukaryote",0.00149479953385006,"Temperature (°C)",25.1529530442082
"758","C",75,"Pico Eukaryote",0.00149479953385006,"Oxygen (umol/kg)",205.773046557048
"759","C",75,"Pico Eukaryote",0.00149479953385006,"Oxygen (% saturation)",99.7134524559453
"760","C",75,"Pico Eukaryote",0.00149479953385006,"Fluorescence",0.906490936583329
"761","C",75,"Synechococcus",0.00193828742893885,"Pressure",75.2271838768162
"762","C",75,"Synechococcus",0.00193828742893885,"PAR",51.0627168438583
"763","C",75,"Synechococcus",0.00193828742893885,"Temperature (°C)",25.1529530442082
"764","C",75,"Synechococcus",0.00193828742893885,"Oxygen (umol/kg)",205.773046557048
"765","C",75,"Synechococcus",0.00193828742893885,"Oxygen (% saturation)",99.7134524559453
"766","C",75,"Synechococcus",0.00193828742893885,"Fluorescence",0.906490936583329
"767","C",75,"Prochlorococcus",0.210964636955069,"Pressure",75.2271838768162
"768","C",75,"Prochlorococcus",0.210964636955069,"PAR",51.0627168438583
"769","C",75,"Prochlorococcus",0.210964636955069,"Temperature (°C)",25.1529530442082
"770","C",75,"Prochlorococcus",0.210964636955069,"Oxygen (umol/kg)",205.773046557048
"771","C",75,"Prochlorococcus",0.210964636955069,"Oxygen (% saturation)",99.7134524559453
"772","C",75,"Prochlorococcus",0.210964636955069,"Fluorescence",0.906490936583329
"773","Deep",100,"Heterotrophic Bacteria",0.560678275368474,"Pressure",100.23984725537
"774","Deep",100,"Heterotrophic Bacteria",0.560678275368474,"PAR",2.08583331742243e-07
"775","Deep",100,"Heterotrophic Bacteria",0.560678275368474,"Temperature (°C)",23.6633651551313
"776","Deep",100,"Heterotrophic Bacteria",0.560678275368474,"Oxygen (umol/kg)",211.722303102625
"777","Deep",100,"Heterotrophic Bacteria",0.560678275368474,"Oxygen (% saturation)",100.172210023866
"778","Deep",100,"Heterotrophic Bacteria",0.560678275368474,"Fluorescence",1.03178797136038
"779","Deep",100,"Pico Eukaryote",0.00155726487659855,"Pressure",100.23984725537
"780","Deep",100,"Pico Eukaryote",0.00155726487659855,"PAR",2.08583331742243e-07
"781","Deep",100,"Pico Eukaryote",0.00155726487659855,"Temperature (°C)",23.6633651551313
"782","Deep",100,"Pico Eukaryote",0.00155726487659855,"Oxygen (umol/kg)",211.722303102625
"783","Deep",100,"Pico Eukaryote",0.00155726487659855,"Oxygen (% saturation)",100.172210023866
"784","Deep",100,"Pico Eukaryote",0.00155726487659855,"Fluorescence",1.03178797136038
"785","Deep",100,"Synechococcus",0.00184040394507102,"Pressure",100.23984725537
"786","Deep",100,"Synechococcus",0.00184040394507102,"PAR",2.08583331742243e-07
"787","Deep",100,"Synechococcus",0.00184040394507102,"Temperature (°C)",23.6633651551313
"788","Deep",100,"Synechococcus",0.00184040394507102,"Oxygen (umol/kg)",211.722303102625
"789","Deep",100,"Synechococcus",0.00184040394507102,"Oxygen (% saturation)",100.172210023866
"790","Deep",100,"Synechococcus",0.00184040394507102,"Fluorescence",1.03178797136038
"791","Deep",100,"Prochlorococcus",0.207226338225347,"Pressure",100.23984725537
"792","Deep",100,"Prochlorococcus",0.207226338225347,"PAR",2.08583331742243e-07
"793","Deep",100,"Prochlorococcus",0.207226338225347,"Temperature (°C)",23.6633651551313
"794","Deep",100,"Prochlorococcus",0.207226338225347,"Oxygen (umol/kg)",211.722303102625
"795","Deep",100,"Prochlorococcus",0.207226338225347,"Oxygen (% saturation)",100.172210023866
"796","Deep",100,"Prochlorococcus",0.207226338225347,"Fluorescence",1.03178797136038
"797","Deep",1000,"Heterotrophic Bacteria",0.651098265895954,"Pressure",1000.23616191904
"798","Deep",1000,"Heterotrophic Bacteria",0.651098265895954,"PAR",0.013213640029985
"799","Deep",1000,"Heterotrophic Bacteria",0.651098265895954,"Temperature (°C)",4.21592586206897
"800","Deep",1000,"Heterotrophic Bacteria",0.651098265895954,"Oxygen (umol/kg)",47.6048643178411
"801","Deep",1000,"Heterotrophic Bacteria",0.651098265895954,"Oxygen (% saturation)",15.144404047976
"802","Deep",1000,"Heterotrophic Bacteria",0.651098265895954,"Fluorescence",0.424388005997001
"803","Deep",1000,"Pico Eukaryote",0,"Pressure",1000.23616191904
"804","Deep",1000,"Pico Eukaryote",0,"PAR",0.013213640029985
"805","Deep",1000,"Pico Eukaryote",0,"Temperature (°C)",4.21592586206897
"806","Deep",1000,"Pico Eukaryote",0,"Oxygen (umol/kg)",47.6048643178411
"807","Deep",1000,"Pico Eukaryote",0,"Oxygen (% saturation)",15.144404047976
"808","Deep",1000,"Pico Eukaryote",0,"Fluorescence",0.424388005997001
"809","Deep",1000,"Synechococcus",0.00346820809248554,"Pressure",1000.23616191904
"810","Deep",1000,"Synechococcus",0.00346820809248554,"PAR",0.013213640029985
"811","Deep",1000,"Synechococcus",0.00346820809248554,"Temperature (°C)",4.21592586206897
"812","Deep",1000,"Synechococcus",0.00346820809248554,"Oxygen (umol/kg)",47.6048643178411
"813","Deep",1000,"Synechococcus",0.00346820809248554,"Oxygen (% saturation)",15.144404047976
"814","Deep",1000,"Synechococcus",0.00346820809248554,"Fluorescence",0.424388005997001
"815","Deep",1000,"Prochlorococcus",0.0131791907514451,"Pressure",1000.23616191904
"816","Deep",1000,"Prochlorococcus",0.0131791907514451,"PAR",0.013213640029985
"817","Deep",1000,"Prochlorococcus",0.0131791907514451,"Temperature (°C)",4.21592586206897
"818","Deep",1000,"Prochlorococcus",0.0131791907514451,"Oxygen (umol/kg)",47.6048643178411
"819","Deep",1000,"Prochlorococcus",0.0131791907514451,"Oxygen (% saturation)",15.144404047976
"820","Deep",1000,"Prochlorococcus",0.0131791907514451,"Fluorescence",0.424388005997001
"821","Deep",125,"Heterotrophic Bacteria",0.653824884792627,"Pressure",125.269754480287
"822","Deep",125,"Heterotrophic Bacteria",0.653824884792627,"PAR",5.22088835125451e-08
"823","Deep",125,"Heterotrophic Bacteria",0.653824884792627,"Temperature (°C)",22.0575976702509
"824","Deep",125,"Heterotrophic Bacteria",0.653824884792627,"Oxygen (umol/kg)",201.891404121864
"825","Deep",125,"Heterotrophic Bacteria",0.653824884792627,"Oxygen (% saturation)",92.927623655914
"826","Deep",125,"Heterotrophic Bacteria",0.653824884792627,"Fluorescence",1.60671863799283
"827","Deep",125,"Pico Eukaryote",0.00451612903225806,"Pressure",125.269754480287
"828","Deep",125,"Pico Eukaryote",0.00451612903225806,"PAR",5.22088835125451e-08
"829","Deep",125,"Pico Eukaryote",0.00451612903225806,"Temperature (°C)",22.0575976702509
"830","Deep",125,"Pico Eukaryote",0.00451612903225806,"Oxygen (umol/kg)",201.891404121864
"831","Deep",125,"Pico Eukaryote",0.00451612903225806,"Oxygen (% saturation)",92.927623655914
"832","Deep",125,"Pico Eukaryote",0.00451612903225806,"Fluorescence",1.60671863799283
"833","Deep",125,"Synechococcus",0.00168202764976958,"Pressure",125.269754480287
"834","Deep",125,"Synechococcus",0.00168202764976958,"PAR",5.22088835125451e-08
"835","Deep",125,"Synechococcus",0.00168202764976958,"Temperature (°C)",22.0575976702509
"836","Deep",125,"Synechococcus",0.00168202764976958,"Oxygen (umol/kg)",201.891404121864
"837","Deep",125,"Synechococcus",0.00168202764976958,"Oxygen (% saturation)",92.927623655914
"838","Deep",125,"Synechococcus",0.00168202764976958,"Fluorescence",1.60671863799283
"839","Deep",125,"Prochlorococcus",0.10463133640553,"Pressure",125.269754480287
"840","Deep",125,"Prochlorococcus",0.10463133640553,"PAR",5.22088835125451e-08
"841","Deep",125,"Prochlorococcus",0.10463133640553,"Temperature (°C)",22.0575976702509
"842","Deep",125,"Prochlorococcus",0.10463133640553,"Oxygen (umol/kg)",201.891404121864
"843","Deep",125,"Prochlorococcus",0.10463133640553,"Oxygen (% saturation)",92.927623655914
"844","Deep",125,"Prochlorococcus",0.10463133640553,"Fluorescence",1.60671863799283
"845","Deep",150,"Heterotrophic Bacteria",0.699309843806756,"Pressure",150.298027777778
"846","Deep",150,"Heterotrophic Bacteria",0.699309843806756,"PAR",8.09223194444444e-07
"847","Deep",150,"Heterotrophic Bacteria",0.699309843806756,"Temperature (°C)",20.3623638888889
"848","Deep",150,"Heterotrophic Bacteria",0.699309843806756,"Oxygen (umol/kg)",192.385819444444
"849","Deep",150,"Heterotrophic Bacteria",0.699309843806756,"Oxygen (% saturation)",85.8975138888889
"850","Deep",150,"Heterotrophic Bacteria",0.699309843806756,"Fluorescence",0.940781574074074
"851","Deep",150,"Pico Eukaryote",0.0033418089357065,"Pressure",150.298027777778
"852","Deep",150,"Pico Eukaryote",0.0033418089357065,"PAR",8.09223194444444e-07
"853","Deep",150,"Pico Eukaryote",0.0033418089357065,"Temperature (°C)",20.3623638888889
"854","Deep",150,"Pico Eukaryote",0.0033418089357065,"Oxygen (umol/kg)",192.385819444444
"855","Deep",150,"Pico Eukaryote",0.0033418089357065,"Oxygen (% saturation)",85.8975138888889
"856","Deep",150,"Pico Eukaryote",0.0033418089357065,"Fluorescence",0.940781574074074
"857","Deep",150,"Synechococcus",0.000326916091536506,"Pressure",150.298027777778
"858","Deep",150,"Synechococcus",0.000326916091536506,"PAR",8.09223194444444e-07
"859","Deep",150,"Synechococcus",0.000326916091536506,"Temperature (°C)",20.3623638888889
"860","Deep",150,"Synechococcus",0.000326916091536506,"Oxygen (umol/kg)",192.385819444444
"861","Deep",150,"Synechococcus",0.000326916091536506,"Oxygen (% saturation)",85.8975138888889
"862","Deep",150,"Synechococcus",0.000326916091536506,"Fluorescence",0.940781574074074
"863","Deep",150,"Prochlorococcus",0.0547039593171086,"Pressure",150.298027777778
"864","Deep",150,"Prochlorococcus",0.0547039593171086,"PAR",8.09223194444444e-07
"865","Deep",150,"Prochlorococcus",0.0547039593171086,"Temperature (°C)",20.3623638888889
"866","Deep",150,"Prochlorococcus",0.0547039593171086,"Oxygen (umol/kg)",192.385819444444
"867","Deep",150,"Prochlorococcus",0.0547039593171086,"Oxygen (% saturation)",85.8975138888889
"868","Deep",150,"Prochlorococcus",0.0547039593171086,"Fluorescence",0.940781574074074
"869","Deep",1500,"Heterotrophic Bacteria",0.337614678899083,"Pressure",1500.22272585227
"870","Deep",1500,"Heterotrophic Bacteria",0.337614678899083,"PAR",0.0129973852272727
"871","Deep",1500,"Heterotrophic Bacteria",0.337614678899083,"Temperature (°C)",2.96275596590909
"872","Deep",1500,"Heterotrophic Bacteria",0.337614678899083,"Oxygen (umol/kg)",66.7272123579545
"873","Deep",1500,"Heterotrophic Bacteria",0.337614678899083,"Oxygen (% saturation)",20.6010049715909
"874","Deep",1500,"Heterotrophic Bacteria",0.337614678899083,"Fluorescence",0.418732826704545
"875","Deep",1500,"Pico Eukaryote",0.000166805671392827,"Pressure",1500.22272585227
"876","Deep",1500,"Pico Eukaryote",0.000166805671392827,"PAR",0.0129973852272727
"877","Deep",1500,"Pico Eukaryote",0.000166805671392827,"Temperature (°C)",2.96275596590909
"878","Deep",1500,"Pico Eukaryote",0.000166805671392827,"Oxygen (umol/kg)",66.7272123579545
"879","Deep",1500,"Pico Eukaryote",0.000166805671392827,"Oxygen (% saturation)",20.6010049715909
"880","Deep",1500,"Pico Eukaryote",0.000166805671392827,"Fluorescence",0.418732826704545
"881","Deep",1500,"Synechococcus",0.00383653044203502,"Pressure",1500.22272585227
"882","Deep",1500,"Synechococcus",0.00383653044203502,"PAR",0.0129973852272727
"883","Deep",1500,"Synechococcus",0.00383653044203502,"Temperature (°C)",2.96275596590909
"884","Deep",1500,"Synechococcus",0.00383653044203502,"Oxygen (umol/kg)",66.7272123579545
"885","Deep",1500,"Synechococcus",0.00383653044203502,"Oxygen (% saturation)",20.6010049715909
"886","Deep",1500,"Synechococcus",0.00383653044203502,"Fluorescence",0.418732826704545
"887","Deep",1500,"Prochlorococcus",0.0228523769808173,"Pressure",1500.22272585227
"888","Deep",1500,"Prochlorococcus",0.0228523769808173,"PAR",0.0129973852272727
"889","Deep",1500,"Prochlorococcus",0.0228523769808173,"Temperature (°C)",2.96275596590909
"890","Deep",1500,"Prochlorococcus",0.0228523769808173,"Oxygen (umol/kg)",66.7272123579545
"891","Deep",1500,"Prochlorococcus",0.0228523769808173,"Oxygen (% saturation)",20.6010049715909
"892","Deep",1500,"Prochlorococcus",0.0228523769808173,"Fluorescence",0.418732826704545
"893","Deep",175,"Heterotrophic Bacteria",0.731619770608136,"Pressure",175.200799043062
"894","Deep",175,"Heterotrophic Bacteria",0.731619770608136,"PAR",1.13600867344498e-05
"895","Deep",175,"Heterotrophic Bacteria",0.731619770608136,"Temperature (°C)",19.303877631579
"896","Deep",175,"Heterotrophic Bacteria",0.731619770608136,"Oxygen (umol/kg)",189.210509569378
"897","Deep",175,"Heterotrophic Bacteria",0.731619770608136,"Oxygen (% saturation)",82.805014354067
"898","Deep",175,"Heterotrophic Bacteria",0.731619770608136,"Fluorescence",0.569754928229665
"899","Deep",175,"Pico Eukaryote",0.00127898341447314,"Pressure",175.200799043062
"900","Deep",175,"Pico Eukaryote",0.00127898341447314,"PAR",1.13600867344498e-05
"901","Deep",175,"Pico Eukaryote",0.00127898341447314,"Temperature (°C)",19.303877631579
"902","Deep",175,"Pico Eukaryote",0.00127898341447314,"Oxygen (umol/kg)",189.210509569378
"903","Deep",175,"Pico Eukaryote",0.00127898341447314,"Oxygen (% saturation)",82.805014354067
"904","Deep",175,"Pico Eukaryote",0.00127898341447314,"Fluorescence",0.569754928229665
"905","Deep",175,"Synechococcus",0.000206287647495668,"Pressure",175.200799043062
"906","Deep",175,"Synechococcus",0.000206287647495668,"PAR",1.13600867344498e-05
"907","Deep",175,"Synechococcus",0.000206287647495668,"Temperature (°C)",19.303877631579
"908","Deep",175,"Synechococcus",0.000206287647495668,"Oxygen (umol/kg)",189.210509569378
"909","Deep",175,"Synechococcus",0.000206287647495668,"Oxygen (% saturation)",82.805014354067
"910","Deep",175,"Synechococcus",0.000206287647495668,"Fluorescence",0.569754928229665
"911","Deep",175,"Prochlorococcus",0.0199273867480815,"Pressure",175.200799043062
"912","Deep",175,"Prochlorococcus",0.0199273867480815,"PAR",1.13600867344498e-05
"913","Deep",175,"Prochlorococcus",0.0199273867480815,"Temperature (°C)",19.303877631579
"914","Deep",175,"Prochlorococcus",0.0199273867480815,"Oxygen (umol/kg)",189.210509569378
"915","Deep",175,"Prochlorococcus",0.0199273867480815,"Oxygen (% saturation)",82.805014354067
"916","Deep",175,"Prochlorococcus",0.0199273867480815,"Fluorescence",0.569754928229665
"917","Deep",25,"Heterotrophic Bacteria",0.59795050692249,"Pressure",25.2542272727273
"918","Deep",25,"Heterotrophic Bacteria",0.59795050692249,"PAR",0.00668415681859091
"919","Deep",25,"Heterotrophic Bacteria",0.59795050692249,"Temperature (°C)",26.6550852272727
"920","Deep",25,"Heterotrophic Bacteria",0.59795050692249,"Oxygen (umol/kg)",199.345806818182
"921","Deep",25,"Heterotrophic Bacteria",0.59795050692249,"Oxygen (% saturation)",99.054875
"922","Deep",25,"Heterotrophic Bacteria",0.59795050692249,"Fluorescence",0.584166136363636
"923","Deep",25,"Pico Eukaryote",0.0024225686495391,"Pressure",25.2542272727273
"924","Deep",25,"Pico Eukaryote",0.0024225686495391,"PAR",0.00668415681859091
"925","Deep",25,"Pico Eukaryote",0.0024225686495391,"Temperature (°C)",26.6550852272727
"926","Deep",25,"Pico Eukaryote",0.0024225686495391,"Oxygen (umol/kg)",199.345806818182
"927","Deep",25,"Pico Eukaryote",0.0024225686495391,"Oxygen (% saturation)",99.054875
"928","Deep",25,"Pico Eukaryote",0.0024225686495391,"Fluorescence",0.584166136363636
"929","Deep",25,"Synechococcus",0.00390033552575796,"Pressure",25.2542272727273
"930","Deep",25,"Synechococcus",0.00390033552575796,"PAR",0.00668415681859091
"931","Deep",25,"Synechococcus",0.00390033552575796,"Temperature (°C)",26.6550852272727
"932","Deep",25,"Synechococcus",0.00390033552575796,"Oxygen (umol/kg)",199.345806818182
"933","Deep",25,"Synechococcus",0.00390033552575796,"Oxygen (% saturation)",99.054875
"934","Deep",25,"Synechococcus",0.00390033552575796,"Fluorescence",0.584166136363636
"935","Deep",25,"Prochlorococcus",0.161876037162203,"Pressure",25.2542272727273
"936","Deep",25,"Prochlorococcus",0.161876037162203,"PAR",0.00668415681859091
"937","Deep",25,"Prochlorococcus",0.161876037162203,"Temperature (°C)",26.6550852272727
"938","Deep",25,"Prochlorococcus",0.161876037162203,"Oxygen (umol/kg)",199.345806818182
"939","Deep",25,"Prochlorococcus",0.161876037162203,"Oxygen (% saturation)",99.054875
"940","Deep",25,"Prochlorococcus",0.161876037162203,"Fluorescence",0.584166136363636
"941","Deep",250,"Heterotrophic Bacteria",0.711256005490734,"Pressure",250.29644654088
"942","Deep",250,"Heterotrophic Bacteria",0.711256005490734,"PAR",2.27192958176101e-05
"943","Deep",250,"Heterotrophic Bacteria",0.711256005490734,"Temperature (°C)",12.5542463836478
"944","Deep",250,"Heterotrophic Bacteria",0.711256005490734,"Oxygen (umol/kg)",170.528746855346
"945","Deep",250,"Heterotrophic Bacteria",0.711256005490734,"Oxygen (% saturation)",65.1642657232704
"946","Deep",250,"Heterotrophic Bacteria",0.711256005490734,"Fluorescence",0.373016603773585
"947","Deep",250,"Pico Eukaryote",0.000274536719286205,"Pressure",250.29644654088
"948","Deep",250,"Pico Eukaryote",0.000274536719286205,"PAR",2.27192958176101e-05
"949","Deep",250,"Pico Eukaryote",0.000274536719286205,"Temperature (°C)",12.5542463836478
"950","Deep",250,"Pico Eukaryote",0.000274536719286205,"Oxygen (umol/kg)",170.528746855346
"951","Deep",250,"Pico Eukaryote",0.000274536719286205,"Oxygen (% saturation)",65.1642657232704
"952","Deep",250,"Pico Eukaryote",0.000274536719286205,"Fluorescence",0.373016603773585
"953","Deep",250,"Synechococcus",0.00253946465339739,"Pressure",250.29644654088
"954","Deep",250,"Synechococcus",0.00253946465339739,"PAR",2.27192958176101e-05
"955","Deep",250,"Synechococcus",0.00253946465339739,"Temperature (°C)",12.5542463836478
"956","Deep",250,"Synechococcus",0.00253946465339739,"Oxygen (umol/kg)",170.528746855346
"957","Deep",250,"Synechococcus",0.00253946465339739,"Oxygen (% saturation)",65.1642657232704
"958","Deep",250,"Synechococcus",0.00253946465339739,"Fluorescence",0.373016603773585
"959","Deep",250,"Prochlorococcus",0.00404941660947151,"Pressure",250.29644654088
"960","Deep",250,"Prochlorococcus",0.00404941660947151,"PAR",2.27192958176101e-05
"961","Deep",250,"Prochlorococcus",0.00404941660947151,"Temperature (°C)",12.5542463836478
"962","Deep",250,"Prochlorococcus",0.00404941660947151,"Oxygen (umol/kg)",170.528746855346
"963","Deep",250,"Prochlorococcus",0.00404941660947151,"Oxygen (% saturation)",65.1642657232704
"964","Deep",250,"Prochlorococcus",0.00404941660947151,"Fluorescence",0.373016603773585
"965","Deep",300,"Heterotrophic Bacteria",0.663371095090971,"Pressure",300.245578431373
"966","Deep",300,"Heterotrophic Bacteria",0.663371095090971,"PAR",2.5490500125e-05
"967","Deep",300,"Heterotrophic Bacteria",0.663371095090971,"Temperature (°C)",10.2865430147059
"968","Deep",300,"Heterotrophic Bacteria",0.663371095090971,"Oxygen (umol/kg)",169.452025735294
"969","Deep",300,"Heterotrophic Bacteria",0.663371095090971,"Oxygen (% saturation)",61.6920661764706
"970","Deep",300,"Heterotrophic Bacteria",0.663371095090971,"Fluorescence",0.379147867647059
"971","Deep",300,"Pico Eukaryote",0.000205973223480947,"Pressure",300.245578431373
"972","Deep",300,"Pico Eukaryote",0.000205973223480947,"PAR",2.5490500125e-05
"973","Deep",300,"Pico Eukaryote",0.000205973223480947,"Temperature (°C)",10.2865430147059
"974","Deep",300,"Pico Eukaryote",0.000205973223480947,"Oxygen (umol/kg)",169.452025735294
"975","Deep",300,"Pico Eukaryote",0.000205973223480947,"Oxygen (% saturation)",61.6920661764706
"976","Deep",300,"Pico Eukaryote",0.000205973223480947,"Fluorescence",0.379147867647059
"977","Deep",300,"Synechococcus",0.000343288705801579,"Pressure",300.245578431373
"978","Deep",300,"Synechococcus",0.000343288705801579,"PAR",2.5490500125e-05
"979","Deep",300,"Synechococcus",0.000343288705801579,"Temperature (°C)",10.2865430147059
"980","Deep",300,"Synechococcus",0.000343288705801579,"Oxygen (umol/kg)",169.452025735294
"981","Deep",300,"Synechococcus",0.000343288705801579,"Oxygen (% saturation)",61.6920661764706
"982","Deep",300,"Synechococcus",0.000343288705801579,"Fluorescence",0.379147867647059
"983","Deep",300,"Prochlorococcus",0.00494335736354273,"Pressure",300.245578431373
"984","Deep",300,"Prochlorococcus",0.00494335736354273,"PAR",2.5490500125e-05
"985","Deep",300,"Prochlorococcus",0.00494335736354273,"Temperature (°C)",10.2865430147059
"986","Deep",300,"Prochlorococcus",0.00494335736354273,"Oxygen (umol/kg)",169.452025735294
"987","Deep",300,"Prochlorococcus",0.00494335736354273,"Oxygen (% saturation)",61.6920661764706
"988","Deep",300,"Prochlorococcus",0.00494335736354273,"Fluorescence",0.379147867647059
"989","Deep",45,"Heterotrophic Bacteria",0.62701516407317,"Pressure",45.2418602941177
"990","Deep",45,"Heterotrophic Bacteria",0.62701516407317,"PAR",2.07065779166667e-06
"991","Deep",45,"Heterotrophic Bacteria",0.62701516407317,"Temperature (°C)",26.5581914215686
"992","Deep",45,"Heterotrophic Bacteria",0.62701516407317,"Oxygen (umol/kg)",199.481663602941
"993","Deep",45,"Heterotrophic Bacteria",0.62701516407317,"Oxygen (% saturation)",98.9636544117647
"994","Deep",45,"Heterotrophic Bacteria",0.62701516407317,"Fluorescence",0.629179191176471
"995","Deep",45,"Pico Eukaryote",0.00196117343543887,"Pressure",45.2418602941177
"996","Deep",45,"Pico Eukaryote",0.00196117343543887,"PAR",2.07065779166667e-06
"997","Deep",45,"Pico Eukaryote",0.00196117343543887,"Temperature (°C)",26.5581914215686
"998","Deep",45,"Pico Eukaryote",0.00196117343543887,"Oxygen (umol/kg)",199.481663602941
"999","Deep",45,"Pico Eukaryote",0.00196117343543887,"Oxygen (% saturation)",98.9636544117647
"1000","Deep",45,"Pico Eukaryote",0.00196117343543887,"Fluorescence",0.629179191176471
"1001","Deep",45,"Synechococcus",0.00487958628579433,"Pressure",45.2418602941177
"1002","Deep",45,"Synechococcus",0.00487958628579433,"PAR",2.07065779166667e-06
"1003","Deep",45,"Synechococcus",0.00487958628579433,"Temperature (°C)",26.5581914215686
"1004","Deep",45,"Synechococcus",0.00487958628579433,"Oxygen (umol/kg)",199.481663602941
"1005","Deep",45,"Synechococcus",0.00487958628579433,"Oxygen (% saturation)",98.9636544117647
"1006","Deep",45,"Synechococcus",0.00487958628579433,"Fluorescence",0.629179191176471
"1007","Deep",45,"Prochlorococcus",0.128526901929655,"Pressure",45.2418602941177
"1008","Deep",45,"Prochlorococcus",0.128526901929655,"PAR",2.07065779166667e-06
"1009","Deep",45,"Prochlorococcus",0.128526901929655,"Temperature (°C)",26.5581914215686
"1010","Deep",45,"Prochlorococcus",0.128526901929655,"Oxygen (umol/kg)",199.481663602941
"1011","Deep",45,"Prochlorococcus",0.128526901929655,"Oxygen (% saturation)",98.9636544117647
"1012","Deep",45,"Prochlorococcus",0.128526901929655,"Fluorescence",0.629179191176471
"1013","Deep",5,"Heterotrophic Bacteria",0.594944439122521,"Pressure",5.23954054054054
"1014","Deep",5,"Heterotrophic Bacteria",0.594944439122521,"PAR",0.908663378378378
"1015","Deep",5,"Heterotrophic Bacteria",0.594944439122521,"Temperature (°C)",26.8354277027027
"1016","Deep",5,"Heterotrophic Bacteria",0.594944439122521,"Oxygen (umol/kg)",191.100182432432
"1017","Deep",5,"Heterotrophic Bacteria",0.594944439122521,"Oxygen (% saturation)",95.2413851351351
"1018","Deep",5,"Heterotrophic Bacteria",0.594944439122521,"Fluorescence",0.546332297297297
"1019","Deep",5,"Pico Eukaryote",0.00205958425136507,"Pressure",5.23954054054054
"1020","Deep",5,"Pico Eukaryote",0.00205958425136507,"PAR",0.908663378378378
"1021","Deep",5,"Pico Eukaryote",0.00205958425136507,"Temperature (°C)",26.8354277027027
"1022","Deep",5,"Pico Eukaryote",0.00205958425136507,"Oxygen (umol/kg)",191.100182432432
"1023","Deep",5,"Pico Eukaryote",0.00205958425136507,"Oxygen (% saturation)",95.2413851351351
"1024","Deep",5,"Pico Eukaryote",0.00205958425136507,"Fluorescence",0.546332297297297
"1025","Deep",5,"Synechococcus",0.00324504262860427,"Pressure",5.23954054054054
"1026","Deep",5,"Synechococcus",0.00324504262860427,"PAR",0.908663378378378
"1027","Deep",5,"Synechococcus",0.00324504262860427,"Temperature (°C)",26.8354277027027
"1028","Deep",5,"Synechococcus",0.00324504262860427,"Oxygen (umol/kg)",191.100182432432
"1029","Deep",5,"Synechococcus",0.00324504262860427,"Oxygen (% saturation)",95.2413851351351
"1030","Deep",5,"Synechococcus",0.00324504262860427,"Fluorescence",0.546332297297297
"1031","Deep",5,"Prochlorococcus",0.158037168311141,"Pressure",5.23954054054054
"1032","Deep",5,"Prochlorococcus",0.158037168311141,"PAR",0.908663378378378
"1033","Deep",5,"Prochlorococcus",0.158037168311141,"Temperature (°C)",26.8354277027027
"1034","Deep",5,"Prochlorococcus",0.158037168311141,"Oxygen (umol/kg)",191.100182432432
"1035","Deep",5,"Prochlorococcus",0.158037168311141,"Oxygen (% saturation)",95.2413851351351
"1036","Deep",5,"Prochlorococcus",0.158037168311141,"Fluorescence",0.546332297297297
"1037","Deep",500,"Heterotrophic Bacteria",0.607037001625394,"Pressure",500.268592137592
"1038","Deep",500,"Heterotrophic Bacteria",0.607037001625394,"PAR",0.00075057711318059
"1039","Deep",500,"Heterotrophic Bacteria",0.607037001625394,"Temperature (°C)",6.69523304668305
"1040","Deep",500,"Heterotrophic Bacteria",0.607037001625394,"Oxygen (umol/kg)",51.2792223587224
"1041","Deep",500,"Heterotrophic Bacteria",0.607037001625394,"Oxygen (% saturation)",17.2484336609337
"1042","Deep",500,"Heterotrophic Bacteria",0.607037001625394,"Fluorescence",0.419486891891892
"1043","Deep",500,"Pico Eukaryote",0.000286834305382924,"Pressure",500.268592137592
"1044","Deep",500,"Pico Eukaryote",0.000286834305382924,"PAR",0.00075057711318059
"1045","Deep",500,"Pico Eukaryote",0.000286834305382924,"Temperature (°C)",6.69523304668305
"1046","Deep",500,"Pico Eukaryote",0.000286834305382924,"Oxygen (umol/kg)",51.2792223587224
"1047","Deep",500,"Pico Eukaryote",0.000286834305382924,"Oxygen (% saturation)",17.2484336609337
"1048","Deep",500,"Pico Eukaryote",0.000286834305382924,"Fluorescence",0.419486891891892
"1049","Deep",500,"Synechococcus",0.00076489148102113,"Pressure",500.268592137592
"1050","Deep",500,"Synechococcus",0.00076489148102113,"PAR",0.00075057711318059
"1051","Deep",500,"Synechococcus",0.00076489148102113,"Temperature (°C)",6.69523304668305
"1052","Deep",500,"Synechococcus",0.00076489148102113,"Oxygen (umol/kg)",51.2792223587224
"1053","Deep",500,"Synechococcus",0.00076489148102113,"Oxygen (% saturation)",17.2484336609337
"1054","Deep",500,"Synechococcus",0.00076489148102113,"Fluorescence",0.419486891891892
"1055","Deep",500,"Prochlorococcus",0.00525862893202026,"Pressure",500.268592137592
"1056","Deep",500,"Prochlorococcus",0.00525862893202026,"PAR",0.00075057711318059
"1057","Deep",500,"Prochlorococcus",0.00525862893202026,"Temperature (°C)",6.69523304668305
"1058","Deep",500,"Prochlorococcus",0.00525862893202026,"Oxygen (umol/kg)",51.2792223587224
"1059","Deep",500,"Prochlorococcus",0.00525862893202026,"Oxygen (% saturation)",17.2484336609337
"1060","Deep",500,"Prochlorococcus",0.00525862893202026,"Fluorescence",0.419486891891892
"1061","Deep",75,"Heterotrophic Bacteria",0.57021681021681,"Pressure",75.2962900302115
"1062","Deep",75,"Heterotrophic Bacteria",0.57021681021681,"PAR",1e-12
"1063","Deep",75,"Heterotrophic Bacteria",0.57021681021681,"Temperature (°C)",24.7632812688822
"1064","Deep",75,"Heterotrophic Bacteria",0.57021681021681,"Oxygen (umol/kg)",208.808033232628
"1065","Deep",75,"Heterotrophic Bacteria",0.57021681021681,"Oxygen (% saturation)",100.560767371601
"1066","Deep",75,"Heterotrophic Bacteria",0.57021681021681,"Fluorescence",1.00832350453172
"1067","Deep",75,"Pico Eukaryote",0.00198396198396198,"Pressure",75.2962900302115
"1068","Deep",75,"Pico Eukaryote",0.00198396198396198,"PAR",1e-12
"1069","Deep",75,"Pico Eukaryote",0.00198396198396198,"Temperature (°C)",24.7632812688822
"1070","Deep",75,"Pico Eukaryote",0.00198396198396198,"Oxygen (umol/kg)",208.808033232628
"1071","Deep",75,"Pico Eukaryote",0.00198396198396198,"Oxygen (% saturation)",100.560767371601
"1072","Deep",75,"Pico Eukaryote",0.00198396198396198,"Fluorescence",1.00832350453172
"1073","Deep",75,"Synechococcus",0.00299376299376299,"Pressure",75.2962900302115
"1074","Deep",75,"Synechococcus",0.00299376299376299,"PAR",1e-12
"1075","Deep",75,"Synechococcus",0.00299376299376299,"Temperature (°C)",24.7632812688822
"1076","Deep",75,"Synechococcus",0.00299376299376299,"Oxygen (umol/kg)",208.808033232628
"1077","Deep",75,"Synechococcus",0.00299376299376299,"Oxygen (% saturation)",100.560767371601
"1078","Deep",75,"Synechococcus",0.00299376299376299,"Fluorescence",1.00832350453172
"1079","Deep",75,"Prochlorococcus",0.195723195723196,"Pressure",75.2962900302115
"1080","Deep",75,"Prochlorococcus",0.195723195723196,"PAR",1e-12
"1081","Deep",75,"Prochlorococcus",0.195723195723196,"Temperature (°C)",24.7632812688822
"1082","Deep",75,"Prochlorococcus",0.195723195723196,"Oxygen (umol/kg)",208.808033232628
"1083","Deep",75,"Prochlorococcus",0.195723195723196,"Oxygen (% saturation)",100.560767371601
"1084","Deep",75,"Prochlorococcus",0.195723195723196,"Fluorescence",1.00832350453172
"1085","Deep",750,"Heterotrophic Bacteria",0.635763950793368,"Pressure",750.244654054054
"1086","Deep",750,"Heterotrophic Bacteria",0.635763950793368,"PAR",0.002187272281209
"1087","Deep",750,"Heterotrophic Bacteria",0.635763950793368,"Temperature (°C)",5.12820198198198
"1088","Deep",750,"Heterotrophic Bacteria",0.635763950793368,"Oxygen (umol/kg)",40.9565990990991
"1089","Deep",750,"Heterotrophic Bacteria",0.635763950793368,"Oxygen (% saturation)",13.3064846846847
"1090","Deep",750,"Heterotrophic Bacteria",0.635763950793368,"Fluorescence",0.425754144144144
"1091","Deep",750,"Pico Eukaryote",0.00089142449634516,"Pressure",750.244654054054
"1092","Deep",750,"Pico Eukaryote",0.00089142449634516,"PAR",0.002187272281209
"1093","Deep",750,"Pico Eukaryote",0.00089142449634516,"Temperature (°C)",5.12820198198198
"1094","Deep",750,"Pico Eukaryote",0.00089142449634516,"Oxygen (umol/kg)",40.9565990990991
"1095","Deep",750,"Pico Eukaryote",0.00089142449634516,"Oxygen (% saturation)",13.3064846846847
"1096","Deep",750,"Pico Eukaryote",0.00089142449634516,"Fluorescence",0.425754144144144
"1097","Deep",750,"Synechococcus",0.00552683187733998,"Pressure",750.244654054054
"1098","Deep",750,"Synechococcus",0.00552683187733998,"PAR",0.002187272281209
"1099","Deep",750,"Synechococcus",0.00552683187733998,"Temperature (°C)",5.12820198198198
"1100","Deep",750,"Synechococcus",0.00552683187733998,"Oxygen (umol/kg)",40.9565990990991
"1101","Deep",750,"Synechococcus",0.00552683187733998,"Oxygen (% saturation)",13.3064846846847
"1102","Deep",750,"Synechococcus",0.00552683187733998,"Fluorescence",0.425754144144144
"1103","Deep",750,"Prochlorococcus",0.0128365127473703,"Pressure",750.244654054054
"1104","Deep",750,"Prochlorococcus",0.0128365127473703,"PAR",0.002187272281209
"1105","Deep",750,"Prochlorococcus",0.0128365127473703,"Temperature (°C)",5.12820198198198
"1106","Deep",750,"Prochlorococcus",0.0128365127473703,"Oxygen (umol/kg)",40.9565990990991
"1107","Deep",750,"Prochlorococcus",0.0128365127473703,"Oxygen (% saturation)",13.3064846846847
"1108","Deep",750,"Prochlorococcus",0.0128365127473703,"Fluorescence",0.425754144144144
"1109","Deep",NA,"Heterotrophic Bacteria",0.624115487947932,"Pressure",1500.67989878543
"1110","Deep",NA,"Heterotrophic Bacteria",0.624115487947932,"PAR",0.0139736238866397
"1111","Deep",NA,"Heterotrophic Bacteria",0.624115487947932,"Temperature (°C)",2.96162489878543
"1112","Deep",NA,"Heterotrophic Bacteria",0.624115487947932,"Oxygen (umol/kg)",66.8521599190283
"1113","Deep",NA,"Heterotrophic Bacteria",0.624115487947932,"Oxygen (% saturation)",20.6390344129555
"1114","Deep",NA,"Heterotrophic Bacteria",0.624115487947932,"Fluorescence",0.418888016194332
"1115","Deep",NA,"Pico Eukaryote",0.00469217088583645,"Pressure",1500.67989878543
"1116","Deep",NA,"Pico Eukaryote",0.00469217088583645,"PAR",0.0139736238866397
"1117","Deep",NA,"Pico Eukaryote",0.00469217088583645,"Temperature (°C)",2.96162489878543
"1118","Deep",NA,"Pico Eukaryote",0.00469217088583645,"Oxygen (umol/kg)",66.8521599190283
"1119","Deep",NA,"Pico Eukaryote",0.00469217088583645,"Oxygen (% saturation)",20.6390344129555
"1120","Deep",NA,"Pico Eukaryote",0.00469217088583645,"Fluorescence",0.418888016194332
"1121","Deep",NA,"Synechococcus",0.000700041624096568,"Pressure",1500.67989878543
"1122","Deep",NA,"Synechococcus",0.000700041624096568,"PAR",0.0139736238866397
"1123","Deep",NA,"Synechococcus",0.000700041624096568,"Temperature (°C)",2.96162489878543
"1124","Deep",NA,"Synechococcus",0.000700041624096568,"Oxygen (umol/kg)",66.8521599190283
"1125","Deep",NA,"Synechococcus",0.000700041624096568,"Oxygen (% saturation)",20.6390344129555
"1126","Deep",NA,"Synechococcus",0.000700041624096568,"Fluorescence",0.418888016194332
"1127","Deep",NA,"Prochlorococcus",0.136735157225565,"Pressure",1500.67989878543
"1128","Deep",NA,"Prochlorococcus",0.136735157225565,"PAR",0.0139736238866397
"1129","Deep",NA,"Prochlorococcus",0.136735157225565,"Temperature (°C)",2.96162489878543
"1130","Deep",NA,"Prochlorococcus",0.136735157225565,"Oxygen (umol/kg)",66.8521599190283
"1131","Deep",NA,"Prochlorococcus",0.136735157225565,"Oxygen (% saturation)",20.6390344129555
"1132","Deep",NA,"Prochlorococcus",0.136735157225565,"Fluorescence",0.418888016194332
